{"type":"FeatureCollection","features":[{"type":"Feature","id":1,"properties":{},"geometry":{"type":"Polygon","coordinates":[[[-74.18563,40.69165],[-74.18284,40.70347],[-74.17699,40.70614],[-74.17566,40.70738],[-74.17134,40.70797],[-74.16082,40.70764],[-74.15307,40.70528],[-74.16291,40.68988],[-74.1648,40.68976],[-74.16605,40.68655],[-74.17283,40.67656],[-74.17709,40.67179],[-74.17888,40.671],[-74.18504,40.67336],[-74.18992,40.68154],[-74.18922,40.68862],[-74.18563,40.69165]]]}},{"type":"Feature","id":2,"properties":{},"geometry":{"type":"MultiPolygon","coordinates":[[[[-73.76671,40.61491],[-73.77398,40.616],[-73.76873,40.6209],[-73.76746,40.62051],[-73.76671,40.61491]]],[[[-73.77173,40.62359],[-73.77203,40.62299],[-73.77512,40.61923],[-73.77236,40.62315],[-73.77173,40.62359]]],[[[-73.77349,40.62511],[-73.77381,40.62493],[-73.77383,40.62494],[-73.77349,40.62511]]],[[[-73.79461,40.62257],[-73.7895,40.62275],[-73.78419,40.62089],[-73.78522,40.62006],[-73.78446,40.61703],[-73.78071,40.61403],[-73.78355,40.61192],[-73.78498,40.61193],[-73.78578,40.61099],[-73.78866,40.61009],[-73.7914,40.60761],[-73.79117,40.60847],[-73.79365,40.60899],[-73.79481,40.61038],[-73.79899,40.61148],[-73.79917,40.61203],[-73.8008,40.61193],[-73.79932,40.61336],[-73.79904,40.61555],[-73.79728,40.61666],[-73.79461,40.62257]]],[[[-73.79081,40.63431],[-73.79812,40.63104],[-73.79828,40.63125],[-73.79081,40.63431]]],[[[-73.7942,40.60773],[-73.79352,40.60633],[-73.794,40.60608],[-73.79509,40.60727],[-73.79425,40.6059],[-73.79696,40.60412],[-73.8012,40.60391],[-73.80429,40.60452],[-73.80521,40.60674],[-73.8042,40.60874],[-73.80159,40.61023],[-73.79878,40.61033],[-73.7942,40.60773]]],[[[-73.79784,40.62741],[-73.79566,40.62611],[-73.79921,40.62408],[-73.79404,40.62564],[-73.79363,40.62516],[-73.79809,40.62306],[-73.79951,40.62118],[-73.79992,40.61858],[-73.80172,40.61997],[-73.80128,40.61588],[-73.8027,40.61358],[-73.80509,40.61343],[-73.80477,40.6158],[-73.80764,40.6212],[-73.80699,40.62387],[-73.80011,40.62693],[-73.80093,40.62752],[-73.79784,40.62741]]],[[[-73.81429,40.60446],[-73.81184,40.60313],[-73.81085,40.60322],[-73.80986,40.6019],[-73.81029,40.59899],[-73.81158,40.59814],[-73.81445,40.60054],[-73.81501,40.60206],[-73.81429,40.60446]]],[[[-73.81307,40.62926],[-73.81353,40.62731],[-73.81259,40.62837],[-73.81129,40.6247],[-73.8121,40.6211],[-73.81024,40.61649],[-73.8109,40.61622],[-73.8145,40.62239],[-73.81418,40.62369],[-73.81679,40.62635],[-73.81383,40.62614],[-73.81627,40.62715],[-73.81731,40.63062],[-73.81637,40.63137],[-73.81507,40.63116],[-73.81392,40.63078],[-73.81307,40.62926]]],[[[-73.81409,40.61447],[-73.8155,40.61404],[-73.81504,40.61298],[-73.81616,40.61294],[-73.81643,40.61428],[-73.81409,40.61447]]],[[[-73.8145,40.61106],[-73.81521,40.60982],[-73.8156,40.61067],[-73.8145,40.61106]]],[[[-73.81553,40.60641],[-73.81546,40.60643],[-73.81553,40.60616],[-73.81553,40.60641]]],[[[-73.82419,40.63995],[-73.82108,40.62973],[-73.81611,40.6246],[-73.81673,40.62387],[-73.81795,40.62409],[-73.81889,40.62263],[-73.81779,40.62163],[-73.81653,40.622],[-73.81571,40.62149],[-73.81543,40.62012],[-73.81718,40.61927],[-73.81777,40.6175],[-73.81653,40.61495],[-73.82142,40.61505],[-73.82382,40.6115],[-73.82575,40.61419],[-73.82726,40.61338],[-73.8275,40.6142],[-73.83055,40.61493],[-73.83434,40.61437],[-73.83779,40.61556],[-73.83496,40.61778],[-73.83575,40.61961],[-73.83477,40.61984],[-73.83514,40.62549],[-73.83342,40.62678],[-73.83464,40.62743],[-73.83196,40.62965],[-73.83115,40.63256],[-73.83341,40.6385],[-73.83222,40.63893],[-73.82809,40.63588],[-73.82592,40.63575],[-73.82443,40.63622],[-73.82419,40.63995]]],[[[-73.82304,40.60007],[-73.82298,40.60004],[-73.82303,40.59993],[-73.82304,40.60007]]],[[[-73.82318,40.60008],[-73.82315,40.59998],[-73.82317,40.59998],[-73.82318,40.60008]]],[[[-73.82453,40.59912],[-73.82396,40.59888],[-73.82477,40.59839],[-73.82453,40.59912]]],[[[-73.82815,40.60795],[-73.8263,40.60782],[-73.8259,40.60647],[-73.82862,40.60584],[-73.82815,40.60795]]],[[[-73.82607,40.60844],[-73.82771,40.6084],[-73.82805,40.61005],[-73.82688,40.6096],[-73.82607,40.60844]]],[[[-73.83046,40.60667],[-73.83588,40.60564],[-73.8361,40.60736],[-73.83252,40.61038],[-73.83033,40.60849],[-73.83046,40.60667]]],[[[-73.83903,40.59625],[-73.83257,40.59212],[-73.83314,40.59158],[-73.83423,40.59193],[-73.83415,40.5913],[-73.83256,40.59133],[-73.83254,40.59022],[-73.83495,40.58973],[-73.83333,40.58984],[-73.8336,40.58933],[-73.8372,40.5897],[-73.83946,40.59226],[-73.83996,40.59187],[-73.83989,40.5928],[-73.84081,40.59292],[-73.84136,40.59213],[-73.84221,40.59316],[-73.84386,40.59343],[-73.84331,40.59442],[-73.83903,40.59625]]],[[[-73.83624,40.63111],[-73.8411,40.62456],[-73.84446,40.62985],[-73.84242,40.63153],[-73.83765,40.63284],[-73.83624,40.63111]]],[[[-73.84304,40.61774],[-73.84284,40.61661],[-73.84401,40.61704],[-73.84454,40.61487],[-73.841,40.61303],[-73.83826,40.61385],[-73.84079,40.60564],[-73.84715,40.60361],[-73.85179,40.6069],[-73.84779,40.60924],[-73.84817,40.61253],[-73.84615,40.61773],[-73.84304,40.61774]]],[[[-73.84722,40.63197],[-73.84859,40.63013],[-73.85856,40.63046],[-73.85614,40.63508],[-73.84668,40.63873],[-73.84352,40.6365],[-73.84505,40.63317],[-73.84722,40.63197]]],[[[-73.84734,40.62909],[-73.84985,40.62622],[-73.84728,40.62662],[-73.84505,40.62541],[-73.84358,40.62318],[-73.84615,40.62222],[-73.84848,40.62242],[-73.85666,40.61999],[-73.86107,40.61771],[-73.86365,40.61788],[-73.86404,40.61921],[-73.86152,40.61905],[-73.86103,40.62414],[-73.86348,40.62339],[-73.86335,40.62592],[-73.86138,40.62598],[-73.86041,40.62517],[-73.85861,40.62796],[-73.85651,40.6291],[-73.85613,40.62828],[-73.85397,40.62761],[-73.85437,40.62882],[-73.85072,40.628],[-73.84847,40.62964],[-73.84734,40.62909]]],[[[-73.85523,40.61613],[-73.8553,40.61315],[-73.85237,40.61316],[-73.85377,40.61409],[-73.85263,40.61509],[-73.84974,40.61516],[-73.85011,40.61021],[-73.85516,40.60612],[-73.85709,40.60647],[-73.85704,40.6083],[-73.85902,40.60948],[-73.85925,40.61125],[-73.85648,40.61319],[-73.85858,40.61692],[-73.85523,40.61613]]],[[[-73.85243,40.59733],[-73.85673,40.59608],[-73.86044,40.59647],[-73.86336,40.60032],[-73.86113,40.60255],[-73.85483,40.60187],[-73.85277,40.60095],[-73.85077,40.59884],[-73.85243,40.59733]]],[[[-73.86327,40.58388],[-73.86896,40.58169],[-73.87,40.58264],[-73.87116,40.58687],[-73.86981,40.58946],[-73.86635,40.59189],[-73.86327,40.59091],[-73.86125,40.58799],[-73.86327,40.58388]]],[[[-73.86626,40.61846],[-73.87825,40.61544],[-73.87481,40.62359],[-73.86684,40.62783],[-73.86498,40.62566],[-73.86626,40.61846]]],[[[-73.86703,40.60374],[-73.86768,40.60307],[-73.86831,40.60314],[-73.86794,40.60396],[-73.86703,40.60374]]],[[[-73.86702,40.60807],[-73.86874,40.60704],[-73.86868,40.60824],[-73.86702,40.60807]]],[[[-73.86953,40.59871],[-73.86967,40.59669],[-73.87021,40.59695],[-73.86953,40.59871]]],[[[-73.86966,40.60654],[-73.87109,40.60469],[-73.873,40.61056],[-73.87104,40.60972],[-73.86966,40.60654]]],[[[-73.87019,40.599],[-73.87108,40.5989],[-73.87049,40.6026],[-73.87026,40.60168],[-73.87019,40.599]]]]}},{"type":"Feature","id":3,"properties":{},"geometry":{"type":"Polygon","coordinates":[[[-73.84793,40.87134],[-73.82951,40.86184],[-73.82847,40.86073],[-73.83682,40.85728],[-73.8474,40.85868],[-73.85664,40.85812],[-73.8578,40.86304],[-73.85961,40.86551],[-73.86156,40.86555],[-73.86138,40.87134],[-73.85661,40.87125],[-73.85651,40.87422],[-73.84793,40.87134]]]}},{"type":"Feature","id":4,"properties":{},"geometry":{"type":"Polygon","coordinates":[[[-73.97205,40.72688],[-73.97348,40.71886],[-73.97722,40.71931],[-73.98382,40.72147],[-73.97803,40.72943],[-73.97205,40.72688]]]}},{"type":"Feature","id":5,"properties":{},"geometry":{"type":"Polygon","coordinates":[[[-74.18181,40.56538],[-74.17185,40.56152],[-74.17512,40.55762],[-74.18019,40.54838],[-74.18903,40.53816],[-74.19377,40.53583],[-74.20315,40.55606],[-74.20047,40.55623],[-74.19317,40.5626],[-74.19101,40.56257],[-74.1834,40.5654],[-74.18181,40.56538]]]}},{"type":"Feature","id":6,"properties":{},"geometry":{"type":"Polygon","coordinates":[[[-74.06367,40.6022],[-74.06517,40.60421],[-74.05686,40.60806],[-74.05601,40.60678],[-74.05381,40.60591],[-74.05341,40.60052],[-74.05223,40.59978],[-74.05447,40.59876],[-74.06503,40.58899],[-74.06728,40.59099],[-74.07044,40.59673],[-74.07888,40.59394],[-74.07847,40.5933],[-74.08173,40.59216],[-74.08377,40.59552],[-74.08588,40.59589],[-74.08497,40.59733],[-74.08149,40.59908],[-74.08184,40.60154],[-74.08384,40.60193],[-74.08948,40.6009],[-74.09172,40.59922],[-74.09289,40.60127],[-74.09269,40.60651],[-74.09045,40.60909],[-74.08342,40.60652],[-74.07298,40.60547],[-74.06367,40.6022]]]}},{"type":"Feature","id":7,"properties":{},"geometry":{"type":"Polygon","coordinates":[[[-73.91812,40.77003],[-73.90203,40.76742],[-73.90779,40.76052],[-73.90632,40.75984],[-73.91023,40.75298],[-73.91763,40.75386],[-73.92563,40.75214],[-73.92416,40.75396],[-73.93679,40.75988],[-73.93398,40.76283],[-73.937,40.76424],[-73.93601,40.76588],[-73.93859,40.76682],[-73.93618,40.76769],[-73.93494,40.76701],[-73.93344,40.76882],[-73.92425,40.76472],[-73.92219,40.76727],[-73.91978,40.76615],[-73.91849,40.76773],[-73.91996,40.76844],[-73.91812,40.77003]]]}},{"type":"Feature","id":8,"properties":{},"geometry":{"type":"Polygon","coordinates":[[[-73.92334,40.77513],[-73.92398,40.77462],[-73.92828,40.7769],[-73.92423,40.7791],[-73.91996,40.78264],[-73.91797,40.78126],[-73.92376,40.77655],[-73.92334,40.77513]]]}},{"type":"Feature","id":9,"properties":{},"geometry":{"type":"Polygon","coordinates":[[[-73.78572,40.76292],[-73.77574,40.74333],[-73.7964,40.73828],[-73.79723,40.7417],[-73.79501,40.74374],[-73.79446,40.74544],[-73.79472,40.7476],[-73.7973,40.74944],[-73.79472,40.75065],[-73.79493,40.7578],[-73.79032,40.75782],[-73.79076,40.76099],[-73.79344,40.76076],[-73.79303,40.76462],[-73.79396,40.7647],[-73.79318,40.7704],[-73.78837,40.76444],[-73.78572,40.76292]]]}},{"type":"Feature","id":10,"properties":{},"geometry":{"type":"Polygon","coordinates":[[[-73.78327,40.68999],[-73.78234,40.68841],[-73.78149,40.6887],[-73.77967,40.68538],[-73.777,40.68628],[-73.77418,40.68324],[-73.77329,40.68345],[-73.7722,40.68161],[-73.78026,40.67784],[-73.78397,40.67512],[-73.78574,40.67239],[-73.78809,40.67301],[-73.78941,40.66684],[-73.80156,40.66675],[-73.80143,40.67367],[-73.80577,40.68293],[-73.79898,40.68486],[-73.79995,40.68683],[-73.79561,40.68866],[-73.79391,40.6863],[-73.78327,40.68999]]]}},{"type":"Feature","id":11,"properties":{},"geometry":{"type":"Polygon","coordinates":[[[-74.00493,40.60507],[-73.99559,40.60023],[-74.002,40.59413],[-74.00553,40.59754],[-74.01041,40.60048],[-74.01478,40.60208],[-74.01943,40.60287],[-74.0155,40.60684],[-74.01702,40.60765],[-74.0105,40.6139],[-74.00094,40.60864],[-74.00493,40.60507]]]}},{"type":"Feature","id":12,"properties":{},"geometry":{"type":"Polygon","coordinates":[[[-74.01669,40.7048],[-74.01426,40.70449],[-74.01377,40.70114],[-74.01422,40.70011],[-74.01765,40.70349],[-74.01669,40.7048]]]}},{"type":"Feature","id":13,"properties":{},"geometry":{"type":"Polygon","coordinates":[[[-74.01244,40.71906],[-74.01495,40.70943],[-74.01669,40.70474],[-74.01782,40.70394],[-74.01867,40.70444],[-74.01748,40.70467],[-74.01889,40.70473],[-74.01934,40.70609],[-74.01819,40.70782],[-74.01886,40.70805],[-74.01777,40.71283],[-74.01662,40.71216],[-74.01632,40.71341],[-74.01754,40.71361],[-74.01772,40.71307],[-74.01671,40.71862],[-74.01321,40.71832],[-74.01244,40.71906]]]}},{"type":"Feature","id":14,"properties":{},"geometry":{"type":"Polygon","coordinates":[[[-74.03407,40.64431],[-74.02626,40.64009],[-74.02695,40.63945],[-74.02475,40.63812],[-74.02108,40.64149],[-74.02141,40.63858],[-74.01684,40.63536],[-74.01602,40.63332],[-74.01515,40.63322],[-74.0197,40.62218],[-74.02525,40.61668],[-74.02754,40.61294],[-74.02638,40.61245],[-74.02711,40.61024],[-74.02478,40.6097],[-74.02458,40.61022],[-74.02151,40.60782],[-74.02248,40.60667],[-74.02079,40.60567],[-74.02139,40.60449],[-74.01869,40.60361],[-74.01943,40.60287],[-74.03005,40.60476],[-74.03213,40.6059],[-74.03604,40.6093],[-74.04038,40.61534],[-74.04189,40.62406],[-74.04109,40.6301],[-74.03681,40.63898],[-74.03876,40.63959],[-74.03672,40.63914],[-74.03571,40.64064],[-74.03676,40.64161],[-74.03407,40.64431]]]}},{"type":"Feature","id":15,"properties":{},"geometry":{"type":"Polygon","coordinates":[[[-73.7774,40.7966],[-73.77438,40.7945],[-73.77063,40.78846],[-73.77427,40.78676],[-73.77634,40.78849],[-73.7682,40.77944],[-73.76702,40.78009],[-73.76678,40.77981],[-73.76816,40.7794],[-73.76782,40.77881],[-73.76857,40.77911],[-73.77554,40.77703],[-73.77584,40.77861],[-73.79566,40.77304],[-73.79853,40.77519],[-73.80379,40.77561],[-73.80243,40.78607],[-73.79492,40.78634],[-73.79058,40.78819],[-73.79179,40.78935],[-73.79028,40.79032],[-73.78568,40.79034],[-73.78253,40.79128],[-73.78434,40.79175],[-73.78175,40.79113],[-73.78078,40.79299],[-73.78166,40.79348],[-73.78072,40.79333],[-73.78079,40.79404],[-73.7819,40.7949],[-73.78325,40.79492],[-73.782,40.79498],[-73.77936,40.79669],[-73.7774,40.7966]]]}},{"type":"Feature","id":16,"properties":{},"geometry":{"type":"Polygon","coordinates":[[[-73.76857,40.77911],[-73.7651,40.7738],[-73.75894,40.76833],[-73.75864,40.76736],[-73.75377,40.7653],[-73.75922,40.76432],[-73.75785,40.76257],[-73.75848,40.76199],[-73.758,40.76038],[-73.7624,40.7595],[-73.76184,40.75554],[-73.75684,40.74932],[-73.77241,40.74388],[-73.77574,40.74333],[-73.78546,40.76259],[-73.78837,40.76444],[-73.79566,40.77304],[-73.77678,40.77841],[-73.77584,40.77861],[-73.77554,40.77703],[-73.76857,40.77911]]]}},{"type":"Feature","id":17,"properties":{},"geometry":{"type":"Polygon","coordinates":[[[-73.94705,40.70366],[-73.94193,40.70073],[-73.94439,40.70042],[-73.94033,40.67989],[-73.95337,40.68064],[-73.95468,40.68724],[-73.95957,40.68668],[-73.96029,40.69035],[-73.95541,40.69091],[-73.95614,40.69458],[-73.96016,40.69412],[-73.96105,40.69833],[-73.95702,40.69897],[-73.95746,40.70082],[-73.95381,40.70318],[-73.95129,40.70092],[-73.94705,40.70366]]]}},{"type":"Feature","id":18,"properties":{},"geometry":{"type":"Polygon","coordinates":[[[-73.88147,40.86857],[-73.88812,40.86425],[-73.8889,40.86475],[-73.89381,40.85899],[-73.89469,40.85943],[-73.89574,40.85814],[-73.89884,40.85931],[-73.89714,40.86245],[-73.89944,40.86212],[-73.90108,40.86276],[-73.8974,40.86747],[-73.89438,40.86607],[-73.89157,40.86968],[-73.88785,40.87211],[-73.88937,40.87338],[-73.88774,40.87703],[-73.88528,40.87922],[-73.88346,40.87606],[-73.88147,40.86857]]]}},{"type":"Feature","id":19,"properties":{},"geometry":{"type":"Polygon","coordinates":[[[-73.7234,40.75039],[-73.72259,40.74885],[-73.7201,40.74978],[-73.71545,40.73922],[-73.71148,40.7325],[-73.7105,40.72723],[-73.71829,40.72604],[-73.72816,40.72308],[-73.72836,40.72361],[-73.72991,40.72327],[-73.73147,40.72741],[-73.74556,40.73064],[-73.74672,40.73248],[-73.73901,40.73975],[-73.73106,40.74489],[-73.72896,40.74763],[-73.72829,40.74746],[-73.72766,40.74965],[-73.72627,40.74931],[-73.7234,40.75039]]]}},{"type":"Feature","id":20,"properties":{},"geometry":{"type":"Polygon","coordinates":[[[-73.88387,40.86429],[-73.88061,40.86036],[-73.88073,40.85668],[-73.88312,40.84822],[-73.88988,40.85207],[-73.88961,40.85362],[-73.8911,40.85678],[-73.89113,40.86006],[-73.89028,40.86111],[-73.89177,40.86187],[-73.8889,40.86475],[-73.88812,40.86425],[-73.88363,40.86726],[-73.88268,40.86609],[-73.88387,40.86429]]]}},{"type":"Feature","id":21,"properties":{},"geometry":{"type":"Polygon","coordinates":[[[-73.97478,40.61264],[-73.97403,40.6087],[-73.97299,40.60881],[-73.97218,40.60419],[-73.97291,40.59932],[-73.97191,40.59942],[-73.97148,40.59717],[-73.98036,40.59619],[-73.97995,40.59407],[-73.98464,40.59355],[-73.98602,40.59445],[-73.98962,40.59098],[-73.99036,40.59143],[-73.99331,40.58958],[-73.99376,40.59033],[-73.99802,40.58843],[-73.99867,40.5892],[-73.99924,40.58894],[-73.99838,40.58977],[-73.99878,40.59031],[-73.99711,40.59139],[-73.99806,40.59121],[-73.99755,40.59192],[-74.00004,40.5912],[-73.99901,40.59235],[-73.99948,40.59297],[-73.99531,40.59443],[-73.99675,40.59564],[-73.98685,40.6051],[-73.98913,40.60646],[-73.97964,40.61556],[-73.97478,40.61264]]]}},{"type":"Feature","id":22,"properties":{},"geometry":{"type":"Polygon","coordinates":[[[-73.99679,40.62683],[-73.97964,40.61556],[-73.98913,40.60646],[-73.98685,40.6051],[-73.99675,40.59564],[-73.99531,40.59443],[-73.99634,40.59362],[-73.99737,40.59397],[-74.00106,40.59254],[-74.002,40.59413],[-73.99559,40.60023],[-74.00493,40.60507],[-74.00094,40.60864],[-74.0105,40.6139],[-73.99932,40.62466],[-73.99771,40.62368],[-73.99679,40.62683]]]}},{"type":"Feature","id":23,"properties":{},"geometry":{"type":"Polygon","coordinates":[[[-74.19569,40.63502],[-74.17994,40.6266],[-74.1746,40.62236],[-74.16808,40.62094],[-74.16163,40.61793],[-74.15019,40.6095],[-74.14392,40.60799],[-74.13094,40.60821],[-74.12135,40.60977],[-74.12117,40.60883],[-74.11742,40.60929],[-74.11588,40.60726],[-74.11487,40.60214],[-74.1206,40.60181],[-74.1207,40.60071],[-74.12506,40.59818],[-74.13092,40.59886],[-74.13385,40.59636],[-74.13864,40.58906],[-74.14791,40.58856],[-74.16026,40.59534],[-74.1619,40.5953],[-74.1637,40.59226],[-74.1636,40.59337],[-74.16886,40.59473],[-74.1672,40.60208],[-74.1726,40.60297],[-74.17489,40.60222],[-74.17822,40.59983],[-74.17932,40.59676],[-74.1873,40.58849],[-74.18537,40.58745],[-74.19079,40.58519],[-74.19132,40.5857],[-74.19232,40.58491],[-74.19423,40.58515],[-74.19965,40.58226],[-74.20049,40.57995],[-74.20354,40.58044],[-74.20584,40.57984],[-74.20412,40.58586],[-74.20465,40.58929],[-74.20201,40.5909],[-74.20247,40.59084],[-74.20305,40.59114],[-74.20203,40.591],[-74.20232,40.59152],[-74.19974,40.59356],[-74.19751,40.5968],[-74.19876,40.60171],[-74.20222,40.60597],[-74.20282,40.60827],[-74.20244,40.61328],[-74.20038,40.61643],[-74.20107,40.62038],[-74.20043,40.6205],[-74.20163,40.62312],[-74.20079,40.63035],[-74.2004,40.63145],[-74.19569,40.63502]]]}},{"type":"Feature","id":24,"properties":{},"geometry":{"type":"Polygon","coordinates":[[[-73.95817,40.80058],[-73.96004,40.79804],[-73.97287,40.80336],[-73.97111,40.80579],[-73.95817,40.80058]]]}},{"type":"Feature","id":25,"properties":{},"geometry":{"type":"Polygon","coordinates":[[[-73.98155,40.68915],[-73.97804,40.68486],[-73.98176,40.67931],[-73.9861,40.68101],[-73.98653,40.68037],[-73.98767,40.68082],[-73.98722,40.68145],[-73.9949,40.68443],[-73.99236,40.68969],[-73.99054,40.68917],[-73.98903,40.69212],[-73.98155,40.68915]]]}},{"type":"Feature","id":26,"properties":{},"geometry":{"type":"Polygon","coordinates":[[[-73.98332,40.64148],[-73.98042,40.64239],[-73.97911,40.63544],[-73.97689,40.63567],[-73.97605,40.63128],[-73.97717,40.63075],[-73.97623,40.62598],[-73.97726,40.62585],[-73.97705,40.62153],[-73.97539,40.62077],[-73.97785,40.61729],[-73.97537,40.61575],[-73.97548,40.61631],[-73.97336,40.61654],[-73.9729,40.61415],[-73.97517,40.61472],[-73.97478,40.61264],[-73.98628,40.61957],[-73.98569,40.62013],[-73.99465,40.6257],[-73.99679,40.62683],[-73.99724,40.62529],[-74.00702,40.63211],[-74.00556,40.63308],[-74.00736,40.63416],[-73.99918,40.64203],[-73.99551,40.63981],[-73.98835,40.64456],[-73.98332,40.64148]]]}},{"type":"Feature","id":27,"properties":{},"geometry":{"type":"Polygon","coordinates":[[[-73.86663,40.57306],[-73.86268,40.56651],[-73.86349,40.56703],[-73.86554,40.56657],[-73.86662,40.56609],[-73.86631,40.56555],[-73.86688,40.56608],[-73.86849,40.56553],[-73.86825,40.56507],[-73.86862,40.56554],[-73.87062,40.56481],[-73.87028,40.56417],[-73.87091,40.56476],[-73.87264,40.56408],[-73.87238,40.56358],[-73.87322,40.56406],[-73.89492,40.55708],[-73.90279,40.55673],[-73.90659,40.55571],[-73.94047,40.54285],[-73.94074,40.54182],[-73.94013,40.548],[-73.94065,40.5525],[-73.93985,40.55456],[-73.93571,40.55722],[-73.93192,40.55782],[-73.92616,40.56155],[-73.91766,40.56283],[-73.91188,40.56499],[-73.91216,40.56584],[-73.91197,40.56587],[-73.91186,40.565],[-73.91004,40.56479],[-73.90977,40.56531],[-73.90972,40.56529],[-73.90976,40.56428],[-73.90795,40.56416],[-73.90684,40.56286],[-73.90291,40.56348],[-73.90122,40.56301],[-73.89628,40.56523],[-73.89533,40.56634],[-73.89566,40.56706],[-73.89261,40.56859],[-73.88911,40.56792],[-73.88431,40.5687],[-73.88446,40.5679],[-73.88358,40.56821],[-73.8839,40.56891],[-73.88337,40.56833],[-73.87781,40.5688],[-73.86288,40.57606],[-73.86397,40.57503],[-73.86361,40.57382],[-73.86663,40.57306]]]}},{"type":"Feature","id":28,"properties":{},"geometry":{"type":"Polygon","coordinates":[[[-73.79201,40.71797],[-73.79362,40.71398],[-73.79304,40.71071],[-73.79777,40.70914],[-73.7987,40.71066],[-73.80131,40.70974],[-73.80302,40.70814],[-73.80166,40.70576],[-73.80565,40.70467],[-73.80695,40.70737],[-73.81201,40.70594],[-73.81153,40.70227],[-73.81638,40.70245],[-73.82045,40.70977],[-73.82592,40.71599],[-73.82187,40.71692],[-73.8172,40.71584],[-73.80494,40.716],[-73.79073,40.71921],[-73.79201,40.71797]]]}},{"type":"Feature","id":29,"properties":{},"geometry":{"type":"Polygon","coordinates":[[[-73.96005,40.58327],[-73.95646,40.58266],[-73.95414,40.58311],[-73.95236,40.57427],[-73.95843,40.57409],[-73.95899,40.57343],[-73.95942,40.57518],[-73.96471,40.57478],[-73.96889,40.57526],[-73.96514,40.5911],[-73.96068,40.5916],[-73.96005,40.58327]]]}},{"type":"Feature","id":30,"properties":{},"geometry":{"type":"Polygon","coordinates":[[[-73.82076,40.61523],[-73.81653,40.61495],[-73.81475,40.60863],[-73.81599,40.60573],[-73.81739,40.60516],[-73.81849,40.59939],[-73.82071,40.59517],[-73.82136,40.59469],[-73.8248,40.59508],[-73.83048,40.59459],[-73.83466,40.59517],[-73.8344,40.59646],[-73.83239,40.5978],[-73.83063,40.59743],[-73.82948,40.59813],[-73.82806,40.59768],[-73.82598,40.59947],[-73.82465,40.59815],[-73.82377,40.60004],[-73.82147,40.59999],[-73.82444,40.60034],[-73.82445,40.6008],[-73.82294,40.60258],[-73.8229,40.60585],[-73.82126,40.607],[-73.81962,40.61048],[-73.82082,40.61228],[-73.82128,40.6111],[-73.82049,40.61022],[-73.82161,40.60848],[-73.82186,40.60987],[-73.82382,40.6115],[-73.82235,40.61426],[-73.82076,40.61523]]]}},{"type":"Feature","id":31,"properties":{},"geometry":{"type":"Polygon","coordinates":[[[-73.87094,40.85727],[-73.86842,40.85778],[-73.8699,40.85577],[-73.86823,40.85091],[-73.87109,40.84432],[-73.87459,40.84152],[-73.87817,40.84262],[-73.87733,40.84398],[-73.88312,40.84822],[-73.88073,40.85668],[-73.88061,40.86036],[-73.88397,40.86482],[-73.88268,40.86609],[-73.88309,40.86659],[-73.87619,40.87048],[-73.87094,40.87851],[-73.86943,40.87813],[-73.87031,40.87583],[-73.87094,40.85727]]]}},{"type":"Feature","id":32,"properties":{},"geometry":{"type":"Polygon","coordinates":[[[-73.85664,40.85812],[-73.86819,40.85806],[-73.87105,40.8573],[-73.87056,40.87151],[-73.86138,40.87134],[-73.86156,40.86555],[-73.85961,40.86551],[-73.8578,40.86304],[-73.85664,40.85812]]]}},{"type":"Feature","id":33,"properties":{},"geometry":{"type":"Polygon","coordinates":[[[-73.99619,40.70338],[-73.99325,40.70241],[-73.99087,40.70067],[-73.99097,40.69255],[-73.98903,40.69212],[-73.99054,40.68917],[-74.00111,40.69206],[-74.00174,40.69241],[-74.00096,40.69407],[-74.00301,40.69478],[-74.0024,40.69571],[-74.00027,40.69497],[-73.99941,40.69636],[-74.00043,40.69705],[-73.99876,40.69712],[-74.00105,40.69791],[-74.00049,40.69876],[-73.99838,40.69806],[-73.99802,40.69876],[-74.00002,40.69947],[-73.99947,40.70032],[-73.99716,40.69979],[-73.9967,40.70088],[-73.99814,40.70152],[-73.99619,40.70338]]]}},{"type":"Feature","id":34,"properties":{},"geometry":{"type":"MultiPolygon","coordinates":[[[[-73.97232,40.70908],[-73.97026,40.70689],[-73.97018,40.70493],[-73.96752,40.70344],[-73.9693,40.70509],[-73.96929,40.70709],[-73.96839,40.70683],[-73.96721,40.70426],[-73.96218,40.70022],[-73.96305,40.69739],[-73.96455,40.69611],[-73.96939,40.69608],[-73.96973,40.6978],[-73.98054,40.69825],[-73.98074,40.70128],[-73.97912,40.70553],[-73.97847,40.70556],[-73.97885,40.70607],[-73.97834,40.706],[-73.97802,40.70429],[-73.97721,40.70421],[-73.97714,40.70301],[-73.97596,40.70472],[-73.97693,40.7028],[-73.97616,40.70217],[-73.97533,40.70295],[-73.97601,40.70195],[-73.97455,40.70159],[-73.97574,40.69957],[-73.97412,40.70131],[-73.97239,40.70017],[-73.97376,40.70153],[-73.97319,40.70167],[-73.97078,40.69998],[-73.97332,40.70241],[-73.97284,40.70273],[-73.96949,40.70052],[-73.97284,40.70335],[-73.96925,40.70136],[-73.96899,40.70175],[-73.97466,40.70607],[-73.97348,40.70569],[-73.97255,40.7062],[-73.97463,40.70768],[-73.97424,40.70802],[-73.9711,40.70585],[-73.97232,40.70908]]],[[[-73.97906,40.70595],[-73.97893,40.70592],[-73.97906,40.70595],[-73.97906,40.70595]]],[[[-73.9823,40.70574],[-73.98242,40.70582],[-73.98102,40.7059],[-73.9823,40.70574]]]]}},{"type":"Feature","id":35,"properties":{},"geometry":{"type":"Polygon","coordinates":[[[-73.90145,40.66366],[-73.90066,40.66059],[-73.89965,40.66074],[-73.89881,40.65741],[-73.90049,40.65715],[-73.90318,40.65531],[-73.90784,40.65459],[-73.9074,40.65284],[-73.90856,40.6521],[-73.91012,40.65585],[-73.91236,40.65551],[-73.91959,40.662],[-73.92008,40.65986],[-73.92638,40.66551],[-73.90347,40.67551],[-73.90042,40.66381],[-73.90145,40.66366]]]}},{"type":"Feature","id":36,"properties":{},"geometry":{"type":"Polygon","coordinates":[[[-73.92189,40.7094],[-73.91181,40.70343],[-73.9129,40.70236],[-73.91068,40.70105],[-73.91181,40.69994],[-73.90426,40.6957],[-73.9058,40.69413],[-73.90123,40.69144],[-73.90406,40.68855],[-73.93116,40.70377],[-73.9327,40.70317],[-73.93392,40.70749],[-73.92189,40.7094]]]}},{"type":"Feature","id":37,"properties":{},"geometry":{"type":"Polygon","coordinates":[[[-73.93392,40.70749],[-73.9327,40.70317],[-73.93116,40.70377],[-73.90482,40.68881],[-73.90406,40.68855],[-73.9018,40.69077],[-73.90042,40.68818],[-73.90116,40.68788],[-73.89647,40.68234],[-73.89749,40.68007],[-73.90047,40.67954],[-73.90262,40.68066],[-73.90405,40.67922],[-73.93857,40.69885],[-73.94395,40.69822],[-73.94439,40.70042],[-73.94042,40.70108],[-73.94103,40.70464],[-73.94273,40.70447],[-73.94379,40.7109],[-73.94042,40.71122],[-73.94069,40.71196],[-73.9348,40.71337],[-73.9323,40.70775],[-73.93392,40.70749]]]}},{"type":"Feature","id":38,"properties":{},"geometry":{"type":"Polygon","coordinates":[[[-73.74078,40.70268],[-73.7343,40.70248],[-73.73426,40.70322],[-73.72678,40.70306],[-73.72586,40.68324],[-73.74755,40.68935],[-73.74359,40.69622],[-73.74618,40.69612],[-73.74773,40.69955],[-73.745,40.70026],[-73.74591,40.70229],[-73.74109,40.70348],[-73.7405,40.70343],[-73.74078,40.70268]]]}},{"type":"Feature","id":39,"properties":{},"geometry":{"type":"MultiPolygon","coordinates":[[[[-73.89122,40.64999],[-73.89057,40.64921],[-73.8911,40.64881],[-73.8888,40.64605],[-73.88938,40.64697],[-73.88808,40.64662],[-73.88741,40.64533],[-73.88806,40.64512],[-73.88734,40.64522],[-73.88374,40.64245],[-73.87954,40.63822],[-73.87864,40.63829],[-73.87714,40.63598],[-73.88364,40.63094],[-73.88405,40.62956],[-73.88263,40.62827],[-73.88369,40.62756],[-73.88513,40.62883],[-73.88753,40.62833],[-73.89049,40.62622],[-73.89238,40.62373],[-73.89577,40.62252],[-73.89826,40.62299],[-73.90115,40.62569],[-73.90413,40.62631],[-73.91633,40.63204],[-73.91861,40.63209],[-73.91995,40.64471],[-73.90945,40.65152],[-73.90398,40.64663],[-73.89586,40.65188],[-73.89761,40.65345],[-73.89355,40.6552],[-73.89001,40.65115],[-73.89122,40.64999]]],[[[-73.88829,40.64672],[-73.88854,40.64679],[-73.88851,40.64688],[-73.88829,40.64672]]]]}},{"type":"Feature","id":40,"properties":{},"geometry":{"type":"Polygon","coordinates":[[[-74.00005,40.6828],[-73.99621,40.68172],[-73.9949,40.68443],[-73.98722,40.68145],[-73.9907,40.67581],[-73.99506,40.67584],[-73.99862,40.67183],[-74.00329,40.67964],[-74.00065,40.68525],[-73.99908,40.68482],[-74.00005,40.6828]]]}},{"type":"Feature","id":41,"properties":{},"geometry":{"type":"Polygon","coordinates":[[[-73.9521,40.81144],[-73.94177,40.80709],[-73.94275,40.80574],[-73.9443,40.80639],[-73.94478,40.80576],[-73.94613,40.80388],[-73.9446,40.80323],[-73.94922,40.79691],[-73.95965,40.80116],[-73.95825,40.80311],[-73.95818,40.8056],[-73.95497,40.81006],[-73.95358,40.80948],[-73.9521,40.81144]]]}},{"type":"Feature","id":42,"properties":{},"geometry":{"type":"Polygon","coordinates":[[[-73.93436,40.8362],[-73.93517,40.83287],[-73.93383,40.81952],[-73.9344,40.81967],[-73.93445,40.81719],[-73.93902,40.81086],[-73.93581,40.8095],[-73.93854,40.80573],[-73.9521,40.81144],[-73.9492,40.81472],[-73.94608,40.82126],[-73.94515,40.82088],[-73.93925,40.8283],[-73.93864,40.82974],[-73.94017,40.83038],[-73.93868,40.8328],[-73.93436,40.8362]]]}},{"type":"Feature","id":43,"properties":{},"geometry":{"type":"Polygon","coordinates":[[[-73.94922,40.79691],[-73.97301,40.76428],[-73.98165,40.76844],[-73.95786,40.80052],[-73.94922,40.79691]]]}},{"type":"Feature","id":44,"properties":{},"geometry":{"type":"Polygon","coordinates":[[[-74.207,40.55757],[-74.21784,40.55443],[-74.21778,40.55305],[-74.22132,40.55025],[-74.21777,40.54113],[-74.21801,40.5323],[-74.21574,40.52646],[-74.21567,40.52396],[-74.2141,40.5241],[-74.21355,40.52124],[-74.21761,40.52087],[-74.2238,40.5182],[-74.22691,40.51917],[-74.2229,40.50894],[-74.22159,40.5025],[-74.22507,40.50176],[-74.22729,40.5023],[-74.23114,40.50185],[-74.23679,40.5],[-74.23985,40.49758],[-74.24421,40.49757],[-74.24676,40.49613],[-74.24872,40.49637],[-74.2533,40.50031],[-74.25531,40.50414],[-74.25559,40.50771],[-74.25369,40.50943],[-74.25465,40.50983],[-74.25453,40.50997],[-74.25365,40.50947],[-74.25332,40.50986],[-74.25353,40.51168],[-74.25304,40.51143],[-74.25195,40.513],[-74.25213,40.51371],[-74.25005,40.51511],[-74.25056,40.51611],[-74.24922,40.51508],[-74.24994,40.51614],[-74.24943,40.51569],[-74.24855,40.51617],[-74.24941,40.51698],[-74.24851,40.51748],[-74.24752,40.51574],[-74.24644,40.51597],[-74.247,40.51718],[-74.24648,40.51669],[-74.24521,40.51729],[-74.24563,40.51808],[-74.24232,40.51833],[-74.23992,40.52005],[-74.24117,40.52106],[-74.24293,40.52123],[-74.2428,40.52401],[-74.24397,40.52491],[-74.24151,40.53104],[-74.24205,40.53435],[-74.24415,40.53688],[-74.24534,40.53691],[-74.24444,40.53807],[-74.2456,40.54095],[-74.24803,40.54309],[-74.24336,40.54787],[-74.2422,40.54695],[-74.24039,40.54766],[-74.23642,40.55051],[-74.23642,40.55233],[-74.2349,40.55301],[-74.23332,40.55251],[-74.23071,40.55556],[-74.22932,40.55549],[-74.22833,40.55639],[-74.22344,40.55605],[-74.22257,40.55541],[-74.22087,40.55594],[-74.21974,40.55461],[-74.21922,40.5558],[-74.21859,40.55467],[-74.21871,40.55604],[-74.21775,40.55501],[-74.21474,40.55624],[-74.21462,40.55691],[-74.21376,40.5564],[-74.2057,40.55852],[-74.207,40.55757]]]}},{"type":"Feature","id":45,"properties":{},"geometry":{"type":"Polygon","coordinates":[[[-73.9975,40.71407],[-73.99256,40.71439],[-73.99191,40.70953],[-73.99919,40.70795],[-74.00366,40.71149],[-74.00589,40.71201],[-74.00272,40.71439],[-73.99996,40.71802],[-73.99606,40.71623],[-73.9975,40.71407]]]}},{"type":"Feature","id":46,"properties":{},"geometry":{"type":"MultiPolygon","coordinates":[[[[-73.76783,40.85444],[-73.76939,40.85254],[-73.76861,40.85079],[-73.7696,40.84759],[-73.76789,40.84529],[-73.76901,40.8451],[-73.77157,40.8475],[-73.77089,40.84975],[-73.77296,40.85216],[-73.77173,40.85248],[-73.77296,40.8538],[-73.77214,40.85441],[-73.77219,40.85999],[-73.77085,40.8601],[-73.76947,40.85933],[-73.76533,40.85504],[-73.76783,40.85444]]],[[[-73.79019,40.85861],[-73.78898,40.85847],[-73.78878,40.85742],[-73.78804,40.85756],[-73.7889,40.85657],[-73.78848,40.8544],[-73.78691,40.85406],[-73.78796,40.85347],[-73.78588,40.85179],[-73.78338,40.85159],[-73.7846,40.8511],[-73.78384,40.85069],[-73.7842,40.85006],[-73.78304,40.84907],[-73.78154,40.8494],[-73.78214,40.8491],[-73.78149,40.84858],[-73.78267,40.84814],[-73.78098,40.84846],[-73.78264,40.84807],[-73.78148,40.84788],[-73.78216,40.84664],[-73.7804,40.84693],[-73.78115,40.84625],[-73.78111,40.84675],[-73.78174,40.84641],[-73.78109,40.8468],[-73.78251,40.84641],[-73.7825,40.84566],[-73.78309,40.84552],[-73.78315,40.84531],[-73.78307,40.84551],[-73.78242,40.84568],[-73.78182,40.84576],[-73.78306,40.84509],[-73.78182,40.84548],[-73.78307,40.84506],[-73.78315,40.8453],[-73.78337,40.84444],[-73.78348,40.84368],[-73.78291,40.84394],[-73.78053,40.84453],[-73.77993,40.84388],[-73.78053,40.84445],[-73.7804,40.84397],[-73.78155,40.84422],[-73.78138,40.8437],[-73.78201,40.84411],[-73.78183,40.84358],[-73.78244,40.84401],[-73.78225,40.84344],[-73.78282,40.84392],[-73.78257,40.84329],[-73.78309,40.84369],[-73.78287,40.84312],[-73.78313,40.8437],[-73.78281,40.84378],[-73.78284,40.84389],[-73.78347,40.84365],[-73.78289,40.84249],[-73.78244,40.84304],[-73.7818,40.8427],[-73.78193,40.84323],[-73.78125,40.8428],[-73.78143,40.84337],[-73.78067,40.84291],[-73.78083,40.84351],[-73.7803,40.84297],[-73.78023,40.84378],[-73.78023,40.84288],[-73.78286,40.84248],[-73.7806,40.84279],[-73.78237,40.84243],[-73.78162,40.84233],[-73.78231,40.84221],[-73.78233,40.84192],[-73.78144,40.84214],[-73.78217,40.84169],[-73.78043,40.84249],[-73.7802,40.84205],[-73.78185,40.84165],[-73.7808,40.84126],[-73.78165,40.8411],[-73.78114,40.83949],[-73.78188,40.83765],[-73.78291,40.83732],[-73.78282,40.83634],[-73.78338,40.83691],[-73.78498,40.83675],[-73.78485,40.83747],[-73.78564,40.83706],[-73.78583,40.83721],[-73.78517,40.83747],[-73.78574,40.83923],[-73.78741,40.83968],[-73.78749,40.84084],[-73.78816,40.84049],[-73.78761,40.8412],[-73.78906,40.84324],[-73.78993,40.84304],[-73.78947,40.84429],[-73.79179,40.84673],[-73.79101,40.84899],[-73.78976,40.84953],[-73.79099,40.84983],[-73.78987,40.84999],[-73.78992,40.85061],[-73.79102,40.85043],[-73.78951,40.8513],[-73.79099,40.85126],[-73.78966,40.8515],[-73.79089,40.85155],[-73.7902,40.85175],[-73.79046,40.85177],[-73.79008,40.85203],[-73.79016,40.85225],[-73.79248,40.85152],[-73.79017,40.85228],[-73.79312,40.85158],[-73.79138,40.8526],[-73.79341,40.85202],[-73.79351,40.85226],[-73.79042,40.85302],[-73.79282,40.85249],[-73.79081,40.8532],[-73.79127,40.85371],[-73.79288,40.85294],[-73.79304,40.85337],[-73.79106,40.85392],[-73.79246,40.8536],[-73.79107,40.85394],[-73.79254,40.85385],[-73.79129,40.85458],[-73.7925,40.85579],[-73.79202,40.85618],[-73.79271,40.85619],[-73.79269,40.85634],[-73.79316,40.85635],[-73.79315,40.85647],[-73.79201,40.85623],[-73.79309,40.85669],[-73.79189,40.85657],[-73.79171,40.85685],[-73.79283,40.85744],[-73.79301,40.857],[-73.79288,40.85748],[-73.79186,40.857],[-73.79268,40.85742],[-73.79189,40.85744],[-73.79257,40.85764],[-73.7924,40.85785],[-73.79174,40.85739],[-73.79184,40.85703],[-73.79094,40.85755],[-73.79179,40.85778],[-73.79144,40.85815],[-73.79093,40.85757],[-73.79019,40.85861]]],[[[-73.78123,40.85609],[-73.7809,40.85497],[-73.78156,40.855],[-73.78123,40.85609]]],[[[-73.78343,40.85636],[-73.78302,40.85509],[-73.78368,40.85517],[-73.78343,40.85636]]],[[[-73.78452,40.86048],[-73.7852,40.85883],[-73.78629,40.85931],[-73.78741,40.8589],[-73.78686,40.86005],[-73.78452,40.86048]]],[[[-73.78833,40.83467],[-73.78931,40.83446],[-73.78951,40.83536],[-73.78846,40.83531],[-73.78833,40.83467]]]]}},{"type":"Feature","id":47,"properties":{},"geometry":{"type":"Polygon","coordinates":[[[-73.8909,40.85412],[-73.89217,40.85277],[-73.89307,40.85325],[-73.89432,40.85189],[-73.89479,40.85108],[-73.89407,40.85071],[-73.89618,40.84666],[-73.8929,40.84627],[-73.89538,40.84294],[-73.89666,40.84352],[-73.90553,40.8291],[-73.91049,40.83074],[-73.90538,40.83977],[-73.90483,40.8448],[-73.90134,40.84443],[-73.89106,40.86153],[-73.89028,40.86111],[-73.89113,40.86006],[-73.8909,40.85412]]]}},{"type":"Feature","id":48,"properties":{},"geometry":{"type":"Polygon","coordinates":[[[-73.98237,40.76739],[-73.99163,40.75471],[-73.99731,40.75711],[-73.98806,40.76979],[-73.98237,40.76739]]]}},{"type":"Feature","id":49,"properties":{},"geometry":{"type":"Polygon","coordinates":[[[-73.96105,40.69833],[-73.96016,40.69412],[-73.95614,40.69458],[-73.95541,40.69091],[-73.96029,40.69035],[-73.95957,40.68668],[-73.95468,40.68724],[-73.95328,40.6802],[-73.95544,40.67996],[-73.95529,40.6792],[-73.96869,40.68201],[-73.97013,40.68951],[-73.9691,40.68947],[-73.96983,40.69313],[-73.96881,40.69312],[-73.96939,40.69608],[-73.96455,40.69611],[-73.96284,40.69804],[-73.96105,40.69833]]]}},{"type":"Feature","id":50,"properties":{},"geometry":{"type":"Polygon","coordinates":[[[-73.99668,40.77351],[-73.99416,40.77249],[-73.99383,40.77293],[-73.99387,40.77224],[-73.98806,40.76979],[-73.99547,40.75963],[-74.00376,40.76358],[-74.00139,40.76285],[-74.00097,40.76342],[-74.0031,40.76475],[-73.99962,40.76356],[-73.99915,40.76421],[-74.00202,40.76589],[-73.99888,40.76457],[-73.99858,40.765],[-73.99828,40.76557],[-74.00157,40.76698],[-73.99807,40.76587],[-73.99738,40.76682],[-74.00065,40.76825],[-73.99716,40.76713],[-73.99646,40.7681],[-73.99974,40.76951],[-73.99707,40.76873],[-73.99657,40.76942],[-73.99876,40.77083],[-73.99631,40.7698],[-73.99542,40.77103],[-73.9959,40.77145],[-73.99494,40.77147],[-73.99711,40.77255],[-73.99477,40.77193],[-73.99445,40.77238],[-73.99668,40.77351]]]}},{"type":"Feature","id":51,"properties":{},"geometry":{"type":"Polygon","coordinates":[[[-73.82092,40.86892],[-73.81579,40.86576],[-73.82038,40.86103],[-73.827,40.85909],[-73.83316,40.86832],[-73.83566,40.86751],[-73.83829,40.87295],[-73.83746,40.87322],[-73.83925,40.87662],[-73.83815,40.87695],[-73.84324,40.87911],[-73.83342,40.88428],[-73.82387,40.88778],[-73.82077,40.88671],[-73.81993,40.88212],[-73.8233,40.8731],[-73.82092,40.86892]]]}},{"type":"Feature","id":52,"properties":{},"geometry":{"type":"Polygon","coordinates":[[[-73.99236,40.68969],[-73.99621,40.68172],[-74.00005,40.6828],[-73.99908,40.68482],[-74.00065,40.68525],[-73.99777,40.69119],[-73.99236,40.68969]]]}},{"type":"Feature","id":53,"properties":{},"geometry":{"type":"MultiPolygon","coordinates":[[[[-73.8379,40.79851],[-73.83919,40.79778],[-73.84026,40.79759],[-73.83997,40.79691],[-73.8384,40.79676],[-73.83663,40.79252],[-73.84068,40.79391],[-73.84082,40.7915],[-73.83896,40.79144],[-73.83901,40.79062],[-73.83992,40.79065],[-73.84008,40.78785],[-73.83824,40.78779],[-73.8387,40.78168],[-73.82514,40.7817],[-73.83,40.77373],[-73.83614,40.76953],[-73.83913,40.76599],[-73.83975,40.76712],[-73.84031,40.76629],[-73.84449,40.76546],[-73.84781,40.76677],[-73.84901,40.76922],[-73.8486,40.76982],[-73.84977,40.76994],[-73.84873,40.77011],[-73.84867,40.77076],[-73.84994,40.77193],[-73.85034,40.77174],[-73.8513,40.77181],[-73.84995,40.77196],[-73.84898,40.77356],[-73.84896,40.77796],[-73.84993,40.77877],[-73.84964,40.77948],[-73.85148,40.77896],[-73.84982,40.77963],[-73.85232,40.77917],[-73.85239,40.77953],[-73.84982,40.77965],[-73.84955,40.77999],[-73.85169,40.77987],[-73.85167,40.78004],[-73.84949,40.78007],[-73.84989,40.78109],[-73.85094,40.78112],[-73.84989,40.78112],[-73.84925,40.78226],[-73.85528,40.78198],[-73.85545,40.78314],[-73.85665,40.78289],[-73.85808,40.78372],[-73.85798,40.78468],[-73.85952,40.78556],[-73.85813,40.78705],[-73.85681,40.78667],[-73.85596,40.78768],[-73.85284,40.78821],[-73.8548,40.78862],[-73.85447,40.79026],[-73.85266,40.79111],[-73.85378,40.79242],[-73.85373,40.79394],[-73.85263,40.79494],[-73.84906,40.79336],[-73.84856,40.7955],[-73.84625,40.79616],[-73.8446,40.79491],[-73.84355,40.79491],[-73.84331,40.7955],[-73.84285,40.79521],[-73.84328,40.79617],[-73.84226,40.79558],[-73.84287,40.79692],[-73.84159,40.7954],[-73.84014,40.79688],[-73.84042,40.79768],[-73.8379,40.79851]]],[[[-73.8681,40.78746],[-73.86813,40.78723],[-73.86923,40.78597],[-73.8681,40.78746]]]]}},{"type":"Feature","id":54,"properties":{},"geometry":{"type":"MultiPolygon","coordinates":[[[[-74.00174,40.69241],[-74.00401,40.69321],[-74.00346,40.69406],[-74.00127,40.6933],[-74.00174,40.69241]]],[[[-74.00174,40.69241],[-73.99777,40.69119],[-74.00329,40.67964],[-74.00596,40.68336],[-74.00485,40.68567],[-74.00753,40.68607],[-74.00702,40.68653],[-74.00588,40.6862],[-74.00563,40.68678],[-74.00783,40.68739],[-74.00742,40.68821],[-74.005,40.68761],[-74.00459,40.68822],[-74.00678,40.68883],[-74.00636,40.68967],[-74.00382,40.68893],[-74.00341,40.68961],[-74.00576,40.69024],[-74.00534,40.69109],[-74.00096,40.69013],[-74.0007,40.69061],[-74.00479,40.69176],[-74.00441,40.69253],[-74.00197,40.69184],[-74.00174,40.69241]]],[[[-74.00816,40.68617],[-74.01218,40.6841],[-74.00835,40.6864],[-74.00816,40.68617]]]]}},{"type":"Feature","id":55,"properties":{},"geometry":{"type":"Polygon","coordinates":[[[-73.98672,40.58457],[-73.97743,40.58291],[-73.96662,40.58457],[-73.96889,40.57526],[-73.96471,40.57478],[-73.95942,40.57518],[-73.95939,40.57391],[-73.96839,40.57315],[-73.96945,40.57286],[-73.96925,40.5723],[-73.97085,40.57277],[-73.97118,40.57194],[-73.9725,40.57258],[-73.97335,40.57232],[-73.97325,40.57163],[-73.97373,40.57229],[-73.97547,40.57197],[-73.97541,40.57142],[-73.97593,40.57202],[-73.9773,40.57186],[-73.97767,40.57117],[-73.97845,40.57189],[-73.97985,40.57154],[-73.97944,40.57122],[-73.98033,40.57174],[-73.98367,40.57141],[-73.98336,40.56953],[-73.98376,40.5714],[-73.99079,40.57025],[-74.00106,40.5704],[-74.00209,40.56959],[-74.00303,40.57219],[-74.01007,40.57383],[-74.01202,40.57489],[-74.01275,40.57856],[-74.01133,40.58018],[-74.00812,40.58162],[-73.99822,40.58147],[-73.99781,40.5806],[-73.98843,40.57882],[-73.9867,40.57981],[-73.98605,40.58172],[-73.98801,40.57967],[-73.98996,40.58066],[-73.9883,40.58347],[-73.98654,40.58366],[-73.98672,40.58457]]]}},{"type":"Feature","id":56,"properties":{},"geometry":{"type":"Polygon","coordinates":[[[-73.85443,40.74885],[-73.85012,40.74072],[-73.8478,40.74005],[-73.84824,40.73929],[-73.84751,40.73901],[-73.85187,40.73734],[-73.86462,40.73428],[-73.86756,40.74094],[-73.86791,40.74493],[-73.85443,40.74885]]]}},{"type":"Feature","id":57,"properties":{},"geometry":{"type":"Polygon","coordinates":[[[-73.85131,40.74984],[-73.85443,40.74885],[-73.85583,40.75158],[-73.85456,40.75196],[-73.8558,40.75441],[-73.85313,40.75511],[-73.85131,40.74984]]]}},{"type":"Feature","id":58,"properties":{},"geometry":{"type":"Polygon","coordinates":[[[-73.81507,40.84913],[-73.81603,40.8464],[-73.81465,40.84722],[-73.8157,40.84629],[-73.81369,40.84727],[-73.81356,40.84715],[-73.81491,40.84647],[-73.81503,40.8455],[-73.81319,40.84623],[-73.81403,40.84559],[-73.81363,40.84528],[-73.81336,40.84585],[-73.81329,40.84595],[-73.81321,40.84592],[-73.81326,40.84523],[-73.81285,40.84632],[-73.81324,40.84524],[-73.8131,40.84517],[-73.81288,40.84513],[-73.81316,40.84521],[-73.81286,40.84519],[-73.81241,40.84656],[-73.81228,40.84654],[-73.81286,40.84513],[-73.81254,40.84498],[-73.81188,40.84659],[-73.81244,40.84674],[-73.8117,40.84668],[-73.81266,40.84421],[-73.81255,40.84495],[-73.81366,40.84506],[-73.81414,40.84482],[-73.81337,40.8438],[-73.81437,40.84309],[-73.8157,40.84439],[-73.81824,40.84436],[-73.81663,40.84394],[-73.81473,40.84138],[-73.81523,40.84101],[-73.81431,40.83962],[-73.81626,40.83826],[-73.81606,40.83603],[-73.82463,40.83386],[-73.82516,40.83461],[-73.82601,40.83402],[-73.8254,40.83566],[-73.82624,40.84299],[-73.82518,40.8427],[-73.82496,40.84611],[-73.82048,40.8485],[-73.82014,40.84802],[-73.81507,40.84913]]]}},{"type":"Feature","id":59,"properties":{},"geometry":{"type":"Polygon","coordinates":[[[-73.89666,40.84352],[-73.88869,40.83916],[-73.88814,40.83986],[-73.8866,40.83928],[-73.8873,40.83813],[-73.88841,40.83855],[-73.89057,40.8369],[-73.89386,40.8364],[-73.89697,40.83435],[-73.90122,40.83541],[-73.89666,40.84352]]]}},{"type":"Feature","id":60,"properties":{},"geometry":{"type":"Polygon","coordinates":[[[-73.88006,40.84016],[-73.87277,40.83975],[-73.87315,40.83826],[-73.87925,40.83442],[-73.88005,40.8347],[-73.8839,40.8298],[-73.8844,40.82297],[-73.88753,40.82251],[-73.88601,40.82824],[-73.88991,40.83012],[-73.89717,40.83037],[-73.8963,40.83354],[-73.89697,40.83435],[-73.89386,40.8364],[-73.89057,40.8369],[-73.88841,40.83855],[-73.8873,40.83813],[-73.88618,40.84011],[-73.88275,40.83859],[-73.882,40.83744],[-73.88006,40.84016]]]}},{"type":"Feature","id":61,"properties":{},"geometry":{"type":"Polygon","coordinates":[[[-73.92916,40.68344],[-73.92901,40.6827],[-73.92281,40.68341],[-73.92165,40.67887],[-73.92275,40.6671],[-73.92872,40.6645],[-73.92868,40.66509],[-73.93698,40.66554],[-73.93675,40.66813],[-73.94782,40.66878],[-73.94773,40.66971],[-73.95527,40.67012],[-73.96132,40.67141],[-73.96007,40.67488],[-73.96318,40.67553],[-73.96135,40.68046],[-73.95529,40.6792],[-73.95544,40.67996],[-73.95328,40.6802],[-73.95337,40.68064],[-73.93435,40.67956],[-73.93501,40.68276],[-73.92916,40.68344]]]}},{"type":"Feature","id":62,"properties":{},"geometry":{"type":"Polygon","coordinates":[[[-73.92868,40.66509],[-73.93068,40.66362],[-73.94283,40.66285],[-73.9427,40.66406],[-73.94546,40.66423],[-73.95721,40.66352],[-73.95787,40.66427],[-73.96034,40.66411],[-73.96096,40.66329],[-73.96259,40.67171],[-73.95527,40.67012],[-73.94773,40.66971],[-73.94782,40.66878],[-73.93675,40.66813],[-73.93698,40.66554],[-73.92868,40.66509]]]}},{"type":"Feature","id":63,"properties":{},"geometry":{"type":"Polygon","coordinates":[[[-73.86892,40.69515],[-73.86603,40.68192],[-73.8641,40.68237],[-73.86329,40.67908],[-73.86235,40.67916],[-73.86106,40.67434],[-73.87231,40.67776],[-73.87532,40.68011],[-73.88061,40.67911],[-73.88117,40.68135],[-73.88489,40.68081],[-73.88467,40.67994],[-73.88987,40.6783],[-73.89622,40.67736],[-73.89654,40.67859],[-73.90005,40.67689],[-73.90405,40.67922],[-73.90262,40.68066],[-73.90047,40.67954],[-73.89786,40.67988],[-73.89417,40.68528],[-73.89252,40.68342],[-73.89015,40.685],[-73.88963,40.68424],[-73.88452,40.68668],[-73.87951,40.69115],[-73.87402,40.69419],[-73.86892,40.69515]]]}},{"type":"Feature","id":64,"properties":{},"geometry":{"type":"Polygon","coordinates":[[[-73.75081,40.78289],[-73.71352,40.75984],[-73.71767,40.75931],[-73.72032,40.7579],[-73.72327,40.75395],[-73.72771,40.75063],[-73.73106,40.74489],[-73.74017,40.73848],[-73.74307,40.73844],[-73.74396,40.74079],[-73.75098,40.74002],[-73.75347,40.7424],[-73.74888,40.74329],[-73.74478,40.74328],[-73.74626,40.74671],[-73.74384,40.74769],[-73.75005,40.7584],[-73.75058,40.75801],[-73.7523,40.75946],[-73.75321,40.75824],[-73.75512,40.75848],[-73.75584,40.75774],[-73.75682,40.75973],[-73.758,40.76038],[-73.75848,40.76199],[-73.75785,40.76257],[-73.75922,40.76432],[-73.75377,40.7653],[-73.75107,40.76176],[-73.74656,40.75934],[-73.74626,40.75777],[-73.74456,40.75656],[-73.74631,40.75805],[-73.74616,40.75902],[-73.74837,40.76156],[-73.75057,40.76192],[-73.75507,40.76753],[-73.75439,40.76875],[-73.75557,40.77153],[-73.75337,40.77321],[-73.75519,40.7765],[-73.75481,40.77762],[-73.75552,40.77758],[-73.75552,40.7777],[-73.75456,40.77778],[-73.753,40.78129],[-73.75081,40.78289]]]}},{"type":"Feature","id":65,"properties":{},"geometry":{"type":"Polygon","coordinates":[[[-73.98712,40.70063],[-73.98697,40.6985],[-73.98305,40.69838],[-73.98312,40.69754],[-73.98051,40.69745],[-73.97917,40.69349],[-73.98251,40.69361],[-73.98254,40.693],[-73.98176,40.69296],[-73.98148,40.68993],[-73.98372,40.69001],[-73.99097,40.69255],[-73.99093,40.70077],[-73.98712,40.70063]]]}},{"type":"Feature","id":66,"properties":{},"geometry":{"type":"Polygon","coordinates":[[[-73.97906,40.70595],[-73.98074,40.70128],[-73.98051,40.69745],[-73.98312,40.69754],[-73.98305,40.69838],[-73.98697,40.6985],[-73.98679,40.70063],[-73.99093,40.70077],[-73.99545,40.70328],[-73.99351,40.70462],[-73.99095,40.70403],[-73.99023,40.70493],[-73.9883,40.70454],[-73.98796,40.70513],[-73.97906,40.70595]]]}},{"type":"Feature","id":67,"properties":{},"geometry":{"type":"Polygon","coordinates":[[[-74.01515,40.63322],[-74.01,40.63011],[-74.00702,40.63211],[-73.99724,40.62529],[-73.99771,40.62368],[-73.99932,40.62466],[-74.01702,40.60765],[-74.0155,40.60684],[-74.01869,40.60361],[-74.02139,40.60449],[-74.02079,40.60567],[-74.02248,40.60667],[-74.02151,40.60782],[-74.02458,40.61022],[-74.02478,40.6097],[-74.02711,40.61024],[-74.02638,40.61245],[-74.02754,40.61294],[-74.02525,40.61668],[-74.0197,40.62218],[-74.01515,40.63322]]]}},{"type":"Feature","id":68,"properties":{},"geometry":{"type":"Polygon","coordinates":[[[-73.99163,40.75471],[-74.00252,40.73975],[-74.0082,40.74215],[-73.99731,40.75711],[-73.99163,40.75471]]]}},{"type":"Feature","id":69,"properties":{},"geometry":{"type":"Polygon","coordinates":[[[-73.91169,40.82776],[-73.91131,40.82485],[-73.91317,40.82546],[-73.91351,40.8248],[-73.91541,40.82577],[-73.92518,40.81801],[-73.92732,40.81856],[-73.91986,40.83195],[-73.91371,40.83881],[-73.91194,40.8432],[-73.90515,40.84255],[-73.90538,40.83977],[-73.91049,40.83074],[-73.90896,40.83023],[-73.91169,40.82776]]]}},{"type":"Feature","id":70,"properties":{},"geometry":{"type":"Polygon","coordinates":[[[-73.85912,40.76128],[-73.8545,40.75828],[-73.87514,40.75663],[-73.87601,40.76144],[-73.875,40.76126],[-73.87639,40.769],[-73.87609,40.77154],[-73.87143,40.77158],[-73.8681,40.77017],[-73.8634,40.76646],[-73.85912,40.76128]]]}},{"type":"Feature","id":71,"properties":{},"geometry":{"type":"Polygon","coordinates":[[[-73.93191,40.65654],[-73.93139,40.65169],[-73.93038,40.65173],[-73.92911,40.6398],[-73.92574,40.64001],[-73.92652,40.63649],[-73.92745,40.63526],[-73.93727,40.63465],[-73.93702,40.63231],[-73.94463,40.63184],[-73.94537,40.63879],[-73.94826,40.63861],[-73.94841,40.63999],[-73.94744,40.64005],[-73.94779,40.64331],[-73.94587,40.64342],[-73.94667,40.65095],[-73.94571,40.65101],[-73.94607,40.65441],[-73.94703,40.65434],[-73.94716,40.65559],[-73.93191,40.65654]]]}},{"type":"Feature","id":72,"properties":{},"geometry":{"type":"Polygon","coordinates":[[[-73.92021,40.65998],[-73.91959,40.662],[-73.91236,40.65551],[-73.91012,40.65585],[-73.90856,40.6521],[-73.91995,40.64471],[-73.91974,40.64278],[-73.92333,40.6399],[-73.92357,40.6425],[-73.92538,40.64238],[-73.92574,40.64001],[-73.92911,40.6398],[-73.93038,40.65173],[-73.93139,40.65169],[-73.93191,40.65654],[-73.92799,40.6568],[-73.92834,40.66006],[-73.92726,40.65934],[-73.92646,40.65981],[-73.93068,40.66362],[-73.92638,40.66551],[-73.92021,40.65998]]]}},{"type":"Feature","id":73,"properties":{},"geometry":{"type":"Polygon","coordinates":[[[-73.79472,40.75065],[-73.7973,40.74944],[-73.79468,40.74721],[-73.80335,40.74643],[-73.80288,40.74977],[-73.80751,40.75014],[-73.81416,40.74614],[-73.82085,40.75224],[-73.81841,40.75383],[-73.8203,40.75551],[-73.81789,40.75709],[-73.82064,40.75887],[-73.81105,40.76142],[-73.7994,40.7594],[-73.79493,40.7578],[-73.79472,40.75065]]]}},{"type":"Feature","id":74,"properties":{},"geometry":{"type":"MultiPolygon","coordinates":[[[[-73.92705,40.80065],[-73.92651,40.80066],[-73.92655,40.8006],[-73.92705,40.80065]]],[[[-73.92674,40.8004],[-73.92654,40.80033],[-73.92655,40.80032],[-73.92674,40.8004]]],[[[-73.92667,40.80018],[-73.92725,40.80039],[-73.92711,40.80056],[-73.92717,40.80041],[-73.92667,40.80018]]],[[[-73.92738,40.79738],[-73.92767,40.79722],[-73.92771,40.7973],[-73.92738,40.79738]]],[[[-73.93381,40.81651],[-73.93412,40.80866],[-73.92903,40.80108],[-73.92904,40.79676],[-73.93007,40.7947],[-73.93505,40.79169],[-73.93774,40.79282],[-73.93865,40.79156],[-73.94327,40.79349],[-73.94188,40.79541],[-73.94831,40.79813],[-73.9446,40.80323],[-73.94613,40.80388],[-73.9443,40.80639],[-73.94275,40.80574],[-73.94177,40.80709],[-73.93854,40.80573],[-73.93581,40.8095],[-73.93902,40.81086],[-73.93407,40.81783],[-73.9344,40.81967],[-73.93381,40.81651]]]]}},{"type":"Feature","id":75,"properties":{},"geometry":{"type":"Polygon","coordinates":[[[-73.94327,40.79349],[-73.93865,40.79156],[-73.93774,40.79282],[-73.93505,40.79169],[-73.93708,40.78937],[-73.93622,40.7888],[-73.93715,40.78917],[-73.93983,40.78526],[-73.94354,40.78288],[-73.95578,40.78791],[-73.94831,40.79813],[-73.94188,40.79541],[-73.94327,40.79349]]]}},{"type":"Feature","id":76,"properties":{},"geometry":{"type":"Polygon","coordinates":[[[-73.88064,40.67918],[-73.87532,40.68011],[-73.87231,40.67776],[-73.86106,40.67434],[-73.86039,40.67127],[-73.85763,40.67166],[-73.85568,40.66387],[-73.85843,40.66345],[-73.85761,40.66011],[-73.86317,40.65828],[-73.86328,40.65694],[-73.86264,40.65567],[-73.85976,40.6541],[-73.85696,40.65059],[-73.8584,40.647],[-73.85717,40.64368],[-73.86289,40.64255],[-73.8667,40.64002],[-73.86549,40.63877],[-73.86867,40.64093],[-73.87061,40.64486],[-73.87257,40.64558],[-73.87922,40.65459],[-73.87972,40.65438],[-73.87319,40.64545],[-73.87327,40.6439],[-73.8699,40.63893],[-73.868,40.63812],[-73.86961,40.63709],[-73.86956,40.63795],[-73.87334,40.6363],[-73.87842,40.63891],[-73.87458,40.64561],[-73.8761,40.64621],[-73.88221,40.65452],[-73.89001,40.65115],[-73.89355,40.6552],[-73.89761,40.65345],[-73.89586,40.65188],[-73.90398,40.64663],[-73.90945,40.65152],[-73.9074,40.65284],[-73.90784,40.65459],[-73.90318,40.65531],[-73.90039,40.65718],[-73.89613,40.65781],[-73.88186,40.66415],[-73.88331,40.66611],[-73.88991,40.66378],[-73.89069,40.66685],[-73.88977,40.66699],[-73.89088,40.67132],[-73.89271,40.67105],[-73.89367,40.67482],[-73.89931,40.67398],[-73.90005,40.67689],[-73.89654,40.67859],[-73.89622,40.67736],[-73.88987,40.6783],[-73.88467,40.67994],[-73.88489,40.68081],[-73.88117,40.68135],[-73.88064,40.67918]]]}},{"type":"Feature","id":77,"properties":{},"geometry":{"type":"Polygon","coordinates":[[[-73.90005,40.67689],[-73.89931,40.67398],[-73.89367,40.67482],[-73.89271,40.67105],[-73.89088,40.67132],[-73.88977,40.66699],[-73.89069,40.66685],[-73.88991,40.66378],[-73.88331,40.66611],[-73.88186,40.66415],[-73.89613,40.65781],[-73.89881,40.65741],[-73.89965,40.66074],[-73.90066,40.66059],[-73.90145,40.66366],[-73.90042,40.66381],[-73.90347,40.67551],[-73.90005,40.67689]]]}},{"type":"Feature","id":78,"properties":{},"geometry":{"type":"Polygon","coordinates":[[[-73.89039,40.85469],[-73.88988,40.85207],[-73.88276,40.84806],[-73.87733,40.84398],[-73.87817,40.84262],[-73.87459,40.84152],[-73.87109,40.84432],[-73.86889,40.84811],[-73.86921,40.84924],[-73.86786,40.84886],[-73.86893,40.84688],[-73.86804,40.84481],[-73.871,40.84311],[-73.8736,40.8398],[-73.88006,40.84016],[-73.882,40.83744],[-73.88275,40.83859],[-73.88618,40.84011],[-73.8866,40.83928],[-73.88814,40.83986],[-73.88869,40.83916],[-73.88942,40.83942],[-73.89538,40.84294],[-73.8929,40.84627],[-73.89618,40.84666],[-73.89407,40.85071],[-73.89479,40.85108],[-73.89307,40.85325],[-73.89217,40.85277],[-73.89039,40.85469]]]}},{"type":"Feature","id":79,"properties":{},"geometry":{"type":"Polygon","coordinates":[[[-73.98378,40.72154],[-73.9926,40.72414],[-73.9899,40.73443],[-73.97803,40.72943],[-73.98378,40.72154]]]}},{"type":"Feature","id":80,"properties":{},"geometry":{"type":"Polygon","coordinates":[[[-73.93175,40.72805],[-73.92958,40.72761],[-73.92849,40.72661],[-73.92561,40.72006],[-73.92482,40.72027],[-73.92454,40.71934],[-73.92493,40.71841],[-73.92888,40.71772],[-73.92971,40.71705],[-73.92947,40.71572],[-73.93221,40.71496],[-73.93124,40.71372],[-73.93264,40.71305],[-73.93203,40.71159],[-73.93328,40.71098],[-73.9319,40.71134],[-73.93036,40.70872],[-73.93155,40.71186],[-73.93078,40.71216],[-73.93185,40.71256],[-73.93042,40.71317],[-73.93105,40.71461],[-73.92844,40.71553],[-73.92891,40.71662],[-73.92827,40.71709],[-73.9246,40.71795],[-73.92306,40.71634],[-73.92489,40.71527],[-73.92434,40.71412],[-73.92223,40.71285],[-73.92075,40.71053],[-73.92189,40.7094],[-73.9323,40.70775],[-73.9348,40.71337],[-73.94069,40.71196],[-73.94042,40.71122],[-73.94379,40.7109],[-73.94273,40.70447],[-73.94103,40.70464],[-73.94089,40.70391],[-73.94042,40.70108],[-73.94193,40.70073],[-73.95024,40.70547],[-73.95087,40.70951],[-73.94866,40.70972],[-73.94937,40.71407],[-73.95348,40.71407],[-73.93175,40.72805]]]}},{"type":"Feature","id":81,"properties":{},"geometry":{"type":"Polygon","coordinates":[[[-73.83738,40.89392],[-73.82268,40.88962],[-73.82249,40.8901],[-73.82326,40.88999],[-73.82285,40.89121],[-73.79301,40.88336],[-73.79323,40.88282],[-73.80551,40.88609],[-73.8121,40.88672],[-73.81548,40.88669],[-73.82027,40.88555],[-73.82077,40.88671],[-73.82387,40.88778],[-73.83342,40.88428],[-73.84324,40.87911],[-73.83815,40.87695],[-73.83925,40.87662],[-73.83746,40.87322],[-73.83829,40.87295],[-73.83566,40.86751],[-73.83316,40.86832],[-73.82834,40.86089],[-73.84793,40.87134],[-73.85364,40.8733],[-73.85069,40.87549],[-73.85255,40.87709],[-73.85092,40.87789],[-73.85248,40.87946],[-73.84705,40.88767],[-73.83555,40.88913],[-73.83738,40.89392]]]}},{"type":"Feature","id":82,"properties":{},"geometry":{"type":"Polygon","coordinates":[[[-73.86769,40.74407],[-73.86756,40.74094],[-73.86447,40.73401],[-73.87969,40.72901],[-73.88721,40.72779],[-73.88852,40.73453],[-73.88353,40.73385],[-73.87752,40.73159],[-73.87822,40.7321],[-73.87708,40.73291],[-73.88066,40.73571],[-73.88033,40.73733],[-73.8823,40.73771],[-73.87743,40.7386],[-73.881,40.74184],[-73.88294,40.74161],[-73.88283,40.74099],[-73.88551,40.74017],[-73.88573,40.74129],[-73.88751,40.74108],[-73.88799,40.74355],[-73.89072,40.74313],[-73.89175,40.74681],[-73.86942,40.74916],[-73.86769,40.74407]]]}},{"type":"Feature","id":83,"properties":{},"geometry":{"type":"Polygon","coordinates":[[[-73.89139,40.74664],[-73.89072,40.74313],[-73.88799,40.74355],[-73.88751,40.74108],[-73.88573,40.74129],[-73.88551,40.74017],[-73.88283,40.74099],[-73.88294,40.74161],[-73.881,40.74184],[-73.87792,40.73939],[-73.87743,40.7386],[-73.8823,40.73771],[-73.88033,40.73733],[-73.88066,40.73571],[-73.87708,40.73291],[-73.87822,40.7321],[-73.87752,40.73159],[-73.88353,40.73385],[-73.89831,40.73519],[-73.90108,40.73391],[-73.90517,40.73586],[-73.90629,40.7324],[-73.91069,40.73347],[-73.90926,40.7364],[-73.90058,40.73949],[-73.89525,40.74382],[-73.89469,40.74562],[-73.89624,40.74872],[-73.89139,40.74664]]]}},{"type":"Feature","id":84,"properties":{},"geometry":{"type":"Polygon","coordinates":[[[-74.16006,40.52764],[-74.1646,40.52615],[-74.17,40.52305],[-74.17206,40.52332],[-74.17756,40.51922],[-74.18104,40.52071],[-74.18483,40.51934],[-74.19521,40.50998],[-74.1965,40.50992],[-74.19967,40.51143],[-74.20004,40.51268],[-74.19936,40.51301],[-74.2076,40.51184],[-74.20969,40.5108],[-74.20919,40.5105],[-74.20932,40.5104],[-74.20988,40.51065],[-74.21353,40.5064],[-74.21511,40.50606],[-74.21755,40.50336],[-74.22188,40.50267],[-74.2229,40.50894],[-74.22691,40.51917],[-74.2238,40.5182],[-74.21761,40.52087],[-74.21355,40.52124],[-74.2141,40.5241],[-74.2092,40.52538],[-74.20153,40.52627],[-74.1991,40.5283],[-74.19174,40.53192],[-74.19377,40.53583],[-74.18903,40.53816],[-74.18129,40.54696],[-74.17512,40.55762],[-74.17185,40.56152],[-74.16983,40.56109],[-74.16707,40.54816],[-74.1654,40.54443],[-74.15787,40.53656],[-74.15397,40.53427],[-74.15691,40.53126],[-74.16135,40.52937],[-74.16006,40.52764]]]}},{"type":"Feature","id":85,"properties":{},"geometry":{"type":"Polygon","coordinates":[[[-73.94716,40.65559],[-73.94703,40.65434],[-73.94607,40.65441],[-73.94571,40.65101],[-73.94667,40.65095],[-73.94587,40.64342],[-73.94779,40.64331],[-73.94744,40.64005],[-73.94841,40.63999],[-73.94826,40.63861],[-73.9536,40.63842],[-73.95764,40.64269],[-73.95871,40.65039],[-73.94957,40.65081],[-73.95007,40.65542],[-73.94716,40.65559]]]}},{"type":"Feature","id":86,"properties":{},"geometry":{"type":"Polygon","coordinates":[[[-73.76669,40.61423],[-73.76516,40.61375],[-73.76506,40.61204],[-73.7623,40.61136],[-73.76172,40.61185],[-73.76024,40.61082],[-73.76178,40.60915],[-73.76155,40.60903],[-73.75998,40.61088],[-73.75972,40.61015],[-73.75561,40.61008],[-73.74799,40.61231],[-73.74686,40.61157],[-73.74576,40.61199],[-73.74315,40.60726],[-73.73815,40.60271],[-73.73809,40.59769],[-73.73872,40.59695],[-73.73857,40.59724],[-73.73863,40.59727],[-73.73993,40.59705],[-73.7401,40.59621],[-73.74064,40.597],[-73.74183,40.5967],[-73.73993,40.59606],[-73.7398,40.59688],[-73.73858,40.59686],[-73.73812,40.59739],[-73.73764,40.59442],[-73.74223,40.59491],[-73.74665,40.59428],[-73.75353,40.59095],[-73.76376,40.59144],[-73.7644,40.59457],[-73.76278,40.59476],[-73.76333,40.59782],[-73.76129,40.59955],[-73.76166,40.59997],[-73.76336,40.59911],[-73.76445,40.60044],[-73.76654,40.59943],[-73.766,40.59872],[-73.76772,40.59626],[-73.76795,40.59816],[-73.77098,40.59889],[-73.77048,40.60484],[-73.76896,40.60928],[-73.77221,40.6115],[-73.77338,40.61115],[-73.77296,40.61015],[-73.77417,40.61183],[-73.7734,40.61368],[-73.76669,40.61423]]]}},{"type":"Feature","id":87,"properties":{},"geometry":{"type":"Polygon","coordinates":[[[-74.00506,40.70879],[-74.00197,40.70473],[-74.00332,40.70563],[-74.00297,40.70477],[-74.00364,40.70542],[-74.00459,40.70479],[-74.0035,40.7038],[-74.00481,40.70464],[-74.00535,40.70431],[-74.00427,40.70302],[-74.00564,40.70411],[-74.0066,40.70369],[-74.0053,40.70256],[-74.0055,40.70243],[-74.00679,40.70357],[-74.0078,40.70306],[-74.00975,40.70478],[-74.00987,40.7058],[-74.01251,40.70677],[-74.00906,40.71089],[-74.00506,40.70879]]]}},{"type":"Feature","id":88,"properties":{},"geometry":{"type":"Polygon","coordinates":[[[-74.00975,40.70478],[-74.0076,40.70299],[-74.00931,40.70195],[-74.0087,40.70114],[-74.00759,40.70133],[-74.00862,40.70055],[-74.0096,40.70187],[-74.01117,40.70148],[-74.01083,40.70021],[-74.01115,40.7009],[-74.01209,40.70068],[-74.01196,40.70004],[-74.01311,40.70051],[-74.01311,40.69977],[-74.01416,40.7011],[-74.01429,40.70455],[-74.01327,40.70455],[-74.0124,40.70678],[-74.00987,40.7058],[-74.00975,40.70478]]]}},{"type":"Feature","id":89,"properties":{},"geometry":{"type":"Polygon","coordinates":[[[-73.95375,40.63859],[-73.94537,40.63879],[-73.94463,40.63184],[-73.94648,40.63171],[-73.94416,40.62951],[-73.95996,40.62778],[-73.96041,40.63016],[-73.96233,40.62997],[-73.97137,40.62893],[-73.97092,40.62657],[-73.97623,40.62598],[-73.97717,40.63075],[-73.96987,40.63419],[-73.97029,40.63641],[-73.96804,40.63665],[-73.9714,40.64826],[-73.96465,40.65089],[-73.96621,40.65319],[-73.95986,40.65563],[-73.95764,40.64269],[-73.95375,40.63859]]]}},{"type":"Feature","id":90,"properties":{},"geometry":{"type":"Polygon","coordinates":[[[-73.99142,40.7448],[-73.99684,40.73736],[-74.00252,40.73975],[-73.9971,40.74721],[-73.99142,40.7448]]]}},{"type":"Feature","id":91,"properties":{},"geometry":{"type":"Polygon","coordinates":[[[-73.91974,40.64278],[-73.9169,40.61627],[-73.92053,40.61394],[-73.92062,40.61484],[-73.9264,40.61448],[-73.9263,40.61312],[-73.93173,40.61793],[-73.9332,40.61697],[-73.93687,40.62025],[-73.94079,40.6177],[-73.94347,40.61739],[-73.94574,40.61536],[-73.94651,40.61949],[-73.94452,40.61971],[-73.94733,40.62917],[-73.94416,40.62951],[-73.94648,40.63171],[-73.93702,40.63231],[-73.93727,40.63465],[-73.92745,40.63526],[-73.92616,40.63757],[-73.92538,40.64238],[-73.92357,40.6425],[-73.92333,40.6399],[-73.91974,40.64278]]]}},{"type":"Feature","id":92,"properties":{},"geometry":{"type":"Polygon","coordinates":[[[-73.82583,40.77592],[-73.82656,40.77014],[-73.82467,40.77041],[-73.82348,40.76465],[-73.82081,40.75894],[-73.81789,40.75709],[-73.8203,40.75551],[-73.81841,40.75383],[-73.82085,40.75224],[-73.81575,40.74698],[-73.82108,40.74856],[-73.82426,40.75183],[-73.82577,40.75097],[-73.82584,40.74935],[-73.82766,40.74986],[-73.833,40.74783],[-73.8323,40.75194],[-73.8356,40.75139],[-73.83806,40.75467],[-73.83867,40.75702],[-73.83679,40.76117],[-73.8369,40.7627],[-73.8379,40.76459],[-73.83946,40.76545],[-73.83614,40.76953],[-73.83,40.77373],[-73.82514,40.7817],[-73.82224,40.78169],[-73.82433,40.77674],[-73.82583,40.77592]]]}},{"type":"Feature","id":93,"properties":{},"geometry":{"type":"Polygon","coordinates":[[[-73.85764,40.7631],[-73.85667,40.76393],[-73.85758,40.76307],[-73.85659,40.76272],[-73.8576,40.76305],[-73.85818,40.7624],[-73.85661,40.76165],[-73.85819,40.76237],[-73.85859,40.76192],[-73.85748,40.76131],[-73.85159,40.75936],[-73.8493,40.76024],[-73.84987,40.7611],[-73.85207,40.76039],[-73.84981,40.76127],[-73.84869,40.76014],[-73.84671,40.76135],[-73.84324,40.75534],[-73.83867,40.75702],[-73.83778,40.75413],[-73.83701,40.75403],[-73.8356,40.75139],[-73.8323,40.75194],[-73.833,40.74783],[-73.83469,40.7469],[-73.8361,40.74243],[-73.83699,40.74209],[-73.83669,40.73954],[-73.83565,40.73849],[-73.83613,40.73424],[-73.83073,40.72655],[-73.82731,40.72465],[-73.82532,40.71728],[-73.8173,40.71758],[-73.82019,40.71674],[-73.82525,40.71646],[-73.82716,40.71539],[-73.83146,40.71455],[-73.8298,40.71557],[-73.83488,40.7193],[-73.83985,40.72818],[-73.84421,40.73273],[-73.84689,40.73867],[-73.84824,40.73929],[-73.8478,40.74005],[-73.85012,40.74072],[-73.85437,40.74874],[-73.85086,40.75],[-73.8538,40.75718],[-73.85525,40.75915],[-73.85912,40.76128],[-73.8611,40.76366],[-73.86043,40.76387],[-73.85862,40.76194],[-73.85765,40.76308],[-73.8585,40.76338],[-73.85764,40.7631]]]}},{"type":"Feature","id":94,"properties":{},"geometry":{"type":"Polygon","coordinates":[[[-73.89964,40.86221],[-73.89714,40.86245],[-73.89884,40.85931],[-73.89574,40.85814],[-73.89106,40.86153],[-73.89561,40.85457],[-73.8971,40.85517],[-73.89864,40.85391],[-73.89817,40.85515],[-73.90078,40.85605],[-73.90186,40.85459],[-73.90557,40.85579],[-73.90468,40.85706],[-73.90566,40.8574],[-73.90351,40.86092],[-73.90254,40.86058],[-73.90108,40.86276],[-73.89964,40.86221]]]}},{"type":"Feature","id":95,"properties":{},"geometry":{"type":"Polygon","coordinates":[[[-73.84732,40.73877],[-73.84406,40.73249],[-73.83985,40.72818],[-73.83488,40.7193],[-73.8298,40.71557],[-73.83103,40.71434],[-73.83771,40.71104],[-73.84491,40.70856],[-73.84933,40.70839],[-73.85594,40.7064],[-73.85868,40.72261],[-73.86204,40.72596],[-73.85805,40.72445],[-73.85727,40.72568],[-73.85942,40.72646],[-73.85809,40.72857],[-73.85741,40.72832],[-73.85851,40.73029],[-73.85626,40.73096],[-73.85872,40.73571],[-73.84732,40.73877]]]}},{"type":"Feature","id":96,"properties":{},"geometry":{"type":"Polygon","coordinates":[[[-73.84315,40.70922],[-73.83715,40.70796],[-73.8381,40.70631],[-73.83696,40.70421],[-73.84502,40.69936],[-73.84914,40.69828],[-73.85071,40.7002],[-73.85443,40.7006],[-73.85277,40.69756],[-73.87402,40.69419],[-73.87951,40.69115],[-73.88452,40.68668],[-73.88963,40.68424],[-73.89015,40.685],[-73.89252,40.68342],[-73.89417,40.68528],[-73.89647,40.68234],[-73.90116,40.68788],[-73.90042,40.68818],[-73.9018,40.69077],[-73.90039,40.69314],[-73.89736,40.69411],[-73.89696,40.69195],[-73.89474,40.69264],[-73.89326,40.6922],[-73.89358,40.69309],[-73.89559,40.69398],[-73.89508,40.69459],[-73.89245,40.69523],[-73.89196,40.69441],[-73.88919,40.69494],[-73.88829,40.69524],[-73.88865,40.69583],[-73.88642,40.69646],[-73.88779,40.69767],[-73.88771,40.69968],[-73.88281,40.70068],[-73.88183,40.69953],[-73.87622,40.7016],[-73.8764,40.70229],[-73.86285,40.70341],[-73.8582,40.70291],[-73.85893,40.70132],[-73.85725,40.70121],[-73.8553,40.70199],[-73.85529,40.7026],[-73.85252,40.70229],[-73.85474,40.70518],[-73.85473,40.70676],[-73.84933,40.70839],[-73.84567,40.70841],[-73.84315,40.70922]]]}},{"type":"Feature","id":97,"properties":{},"geometry":{"type":"Polygon","coordinates":[[[-73.96973,40.6978],[-73.96881,40.69312],[-73.96983,40.69313],[-73.9691,40.68947],[-73.97013,40.68951],[-73.96869,40.68201],[-73.97746,40.68405],[-73.98093,40.6889],[-73.98372,40.69001],[-73.98148,40.68993],[-73.98176,40.69296],[-73.98254,40.693],[-73.98251,40.69361],[-73.97917,40.69349],[-73.98014,40.6947],[-73.98054,40.69825],[-73.96973,40.6978]]]}},{"type":"Feature","id":98,"properties":{},"geometry":{"type":"Polygon","coordinates":[[[-73.76773,40.74578],[-73.76249,40.73673],[-73.76273,40.73526],[-73.76511,40.73456],[-73.7637,40.73286],[-73.76564,40.73253],[-73.76234,40.72954],[-73.7567,40.72623],[-73.76924,40.7259],[-73.77437,40.72426],[-73.77728,40.72235],[-73.77804,40.72328],[-73.77523,40.72524],[-73.77758,40.73019],[-73.79174,40.72579],[-73.79459,40.73505],[-73.7964,40.73828],[-73.78037,40.74259],[-73.77241,40.74388],[-73.76773,40.74578]]]}},{"type":"Feature","id":99,"properties":{},"geometry":{"type":"Polygon","coordinates":[[[-74.16769,40.58883],[-74.16995,40.57346],[-74.16983,40.56109],[-74.18296,40.56548],[-74.18948,40.56358],[-74.19101,40.56257],[-74.19341,40.56249],[-74.20092,40.55601],[-74.20315,40.55606],[-74.2052,40.55733],[-74.207,40.55757],[-74.2057,40.55852],[-74.21324,40.55667],[-74.21117,40.56046],[-74.21073,40.56527],[-74.20802,40.57052],[-74.20596,40.58005],[-74.20351,40.58044],[-74.20049,40.57995],[-74.19965,40.58226],[-74.19423,40.58515],[-74.19232,40.58491],[-74.19132,40.5857],[-74.19079,40.58519],[-74.18537,40.58745],[-74.1873,40.58849],[-74.17932,40.59676],[-74.17822,40.59983],[-74.17489,40.60222],[-74.1726,40.60297],[-74.1672,40.60208],[-74.16886,40.59473],[-74.16351,40.59327],[-74.1637,40.59226],[-74.16769,40.58883]]]}},{"type":"Feature","id":100,"properties":{},"geometry":{"type":"Polygon","coordinates":[[[-73.98412,40.75484],[-73.98777,40.74979],[-73.99346,40.75219],[-73.98979,40.75723],[-73.98412,40.75484]]]}},{"type":"Feature","id":101,"properties":{},"geometry":{"type":"Polygon","coordinates":[[[-73.70218,40.75289],[-73.70002,40.73924],[-73.70766,40.72783],[-73.7105,40.72723],[-73.71148,40.7325],[-73.71545,40.73922],[-73.7201,40.74978],[-73.72259,40.74885],[-73.7234,40.75039],[-73.72627,40.74931],[-73.72766,40.74965],[-73.72829,40.74746],[-73.72896,40.74763],[-73.72838,40.74938],[-73.72709,40.75134],[-73.72299,40.75422],[-73.71998,40.75816],[-73.71767,40.75931],[-73.71426,40.75983],[-73.70218,40.75289]]]}},{"type":"Feature","id":102,"properties":{},"geometry":{"type":"Polygon","coordinates":[[[-73.85596,40.70643],[-73.85473,40.70676],[-73.85474,40.70518],[-73.85252,40.70229],[-73.85529,40.7026],[-73.8553,40.70199],[-73.85827,40.70122],[-73.85893,40.70132],[-73.8582,40.70291],[-73.86285,40.70341],[-73.8764,40.70229],[-73.87622,40.7016],[-73.88183,40.69953],[-73.88281,40.70068],[-73.88771,40.69968],[-73.88779,40.69767],[-73.88642,40.69646],[-73.88865,40.69583],[-73.88829,40.69524],[-73.88919,40.69494],[-73.89196,40.69441],[-73.89245,40.69523],[-73.89508,40.69459],[-73.89559,40.69398],[-73.89358,40.69309],[-73.89326,40.6922],[-73.89474,40.69264],[-73.89696,40.69195],[-73.89736,40.69411],[-73.90003,40.69344],[-73.89838,40.69614],[-73.89558,40.69713],[-73.895,40.69971],[-73.88912,40.7056],[-73.88553,40.70645],[-73.86911,40.70709],[-73.87016,40.70921],[-73.86501,40.71078],[-73.85965,40.71338],[-73.85976,40.71185],[-73.85729,40.71147],[-73.85596,40.70643]]]}},{"type":"Feature","id":103,"properties":{},"geometry":{"type":"Polygon","coordinates":[[[-74.04615,40.69112],[-74.04351,40.68969],[-74.0427,40.69016],[-74.04255,40.68996],[-74.04439,40.68852],[-74.04773,40.68992],[-74.04689,40.69006],[-74.04717,40.69099],[-74.04615,40.69112]]]}},{"type":"Feature","id":104,"properties":{},"geometry":{"type":"Polygon","coordinates":[[[-74.03995,40.70089],[-74.03771,40.69934],[-74.03823,40.69837],[-74.03934,40.69812],[-74.04124,40.69954],[-74.04175,40.69915],[-74.03991,40.6977],[-74.04166,40.69645],[-74.04367,40.69802],[-74.03995,40.70089]]]}},{"type":"Feature","id":105,"properties":{},"geometry":{"type":"Polygon","coordinates":[[[-74.01971,40.69313],[-74.01512,40.69326],[-74.01343,40.69212],[-74.01185,40.69252],[-74.01334,40.69201],[-74.01183,40.69106],[-74.01231,40.68928],[-74.01488,40.68725],[-74.01705,40.68688],[-74.01514,40.68644],[-74.01667,40.68631],[-74.01753,40.68536],[-74.01712,40.68684],[-74.02054,40.68527],[-74.0194,40.68509],[-74.02259,40.68436],[-74.02213,40.68377],[-74.02306,40.68292],[-74.02276,40.68428],[-74.02567,40.68424],[-74.02643,40.68618],[-74.01971,40.69313]]]}},{"type":"Feature","id":106,"properties":{},"geometry":{"type":"Polygon","coordinates":[[[-73.9861,40.68101],[-73.98176,40.67931],[-73.99277,40.66551],[-73.9949,40.66679],[-73.99862,40.67183],[-73.99506,40.67584],[-73.9907,40.67581],[-73.98767,40.68082],[-73.98653,40.68037],[-73.9861,40.68101]]]}},{"type":"Feature","id":107,"properties":{},"geometry":{"type":"Polygon","coordinates":[[[-73.98239,40.73141],[-73.9899,40.73443],[-73.98992,40.73535],[-73.98407,40.74332],[-73.98086,40.74197],[-73.98266,40.7395],[-73.97805,40.73755],[-73.98239,40.73141]]]}},{"type":"Feature","id":108,"properties":{},"geometry":{"type":"Polygon","coordinates":[[[-73.97148,40.59717],[-73.9719,40.59435],[-73.97115,40.59044],[-73.96514,40.5911],[-73.96662,40.58457],[-73.97743,40.58291],[-73.9871,40.58464],[-73.98654,40.58366],[-73.9883,40.58347],[-73.98996,40.58066],[-73.99186,40.58162],[-73.99026,40.58462],[-73.99547,40.58221],[-74.00031,40.58318],[-74.00036,40.58419],[-73.99809,40.58536],[-73.99971,40.58569],[-73.99957,40.58624],[-73.99408,40.58869],[-73.99796,40.58727],[-73.99488,40.58877],[-73.99535,40.58933],[-74.00032,40.58645],[-74.00038,40.58713],[-73.99376,40.59033],[-73.99331,40.58958],[-73.99036,40.59143],[-73.98962,40.59098],[-73.98602,40.59445],[-73.98464,40.59355],[-73.97995,40.59407],[-73.98036,40.59619],[-73.97148,40.59717]]]}},{"type":"Feature","id":109,"properties":{},"geometry":{"type":"Polygon","coordinates":[[[-74.1479,40.57089],[-74.1317,40.56454],[-74.13561,40.55898],[-74.13885,40.55695],[-74.13317,40.55236],[-74.13862,40.54849],[-74.13586,40.54645],[-74.13718,40.54579],[-74.13612,40.54502],[-74.13719,40.54578],[-74.13751,40.54558],[-74.13659,40.54485],[-74.13687,40.54468],[-74.13795,40.546],[-74.13887,40.54513],[-74.13762,40.54425],[-74.13876,40.54493],[-74.13902,40.54472],[-74.13787,40.54405],[-74.13804,40.5439],[-74.13903,40.5447],[-74.13954,40.5443],[-74.13834,40.54355],[-74.13957,40.54427],[-74.13984,40.54405],[-74.13871,40.54329],[-74.13891,40.54313],[-74.14039,40.54403],[-74.13922,40.54317],[-74.1403,40.54364],[-74.13936,40.54283],[-74.14063,40.54311],[-74.13963,40.54254],[-74.13986,40.54236],[-74.14065,40.54309],[-74.14132,40.54309],[-74.14017,40.54237],[-74.14034,40.54223],[-74.14021,40.54237],[-74.14141,40.54302],[-74.14026,40.54196],[-74.14135,40.54258],[-74.1418,40.5422],[-74.14064,40.54169],[-74.14096,40.54143],[-74.1423,40.54226],[-74.14173,40.53934],[-74.14227,40.53814],[-74.14187,40.53844],[-74.14217,40.53793],[-74.14104,40.53735],[-74.14219,40.53792],[-74.14158,40.53709],[-74.14375,40.53719],[-74.14474,40.5358],[-74.14794,40.53492],[-74.1507,40.53255],[-74.15246,40.53207],[-74.15622,40.52922],[-74.15609,40.52864],[-74.15702,40.52898],[-74.1597,40.5273],[-74.16135,40.52937],[-74.15691,40.53126],[-74.15397,40.53427],[-74.15787,40.53656],[-74.1654,40.54443],[-74.16707,40.54816],[-74.16983,40.56109],[-74.16494,40.56011],[-74.15726,40.56255],[-74.15466,40.56551],[-74.1479,40.57089]]]}},{"type":"Feature","id":110,"properties":{},"geometry":{"type":"Polygon","coordinates":[[[-74.11946,40.55222],[-74.11656,40.54913],[-74.11496,40.54958],[-74.11338,40.54807],[-74.11546,40.54752],[-74.11655,40.54787],[-74.11978,40.54547],[-74.12245,40.54477],[-74.13356,40.53151],[-74.13691,40.52928],[-74.13883,40.52989],[-74.14061,40.53413],[-74.14032,40.53528],[-74.13381,40.53564],[-74.1312,40.53787],[-74.13181,40.53831],[-74.13243,40.53778],[-74.13191,40.53753],[-74.13339,40.53696],[-74.13287,40.53672],[-74.13304,40.53657],[-74.13386,40.5366],[-74.12997,40.53997],[-74.13,40.53917],[-74.13054,40.53941],[-74.13084,40.53915],[-74.13032,40.5389],[-74.13049,40.53876],[-74.13086,40.53913],[-74.13065,40.53862],[-74.13179,40.53833],[-74.13116,40.5379],[-74.12845,40.54025],[-74.12739,40.5423],[-74.12763,40.54361],[-74.13011,40.54598],[-74.13309,40.54683],[-74.13586,40.54645],[-74.13862,40.54849],[-74.1273,40.5573],[-74.11946,40.55222]]]}},{"type":"Feature","id":111,"properties":{},"geometry":{"type":"Polygon","coordinates":[[[-73.99517,40.65967],[-73.99019,40.6576],[-73.98843,40.65925],[-73.9818,40.65525],[-73.98029,40.6473],[-73.98906,40.64412],[-73.99831,40.64974],[-73.99779,40.65029],[-74.00214,40.65296],[-73.99517,40.65967]]]}},{"type":"Feature","id":112,"properties":{},"geometry":{"type":"MultiPolygon","coordinates":[[[[-73.9544,40.73911],[-73.94652,40.73693],[-73.9472,40.73536],[-73.94707,40.7344],[-73.94557,40.73661],[-73.94519,40.73548],[-73.94452,40.73628],[-73.94239,40.73543],[-73.93981,40.73115],[-73.9381,40.72973],[-73.93227,40.72817],[-73.94721,40.71856],[-73.94842,40.71846],[-73.94908,40.72254],[-73.95065,40.72171],[-73.95165,40.72349],[-73.95478,40.72246],[-73.95814,40.7244],[-73.95843,40.7254],[-73.96162,40.72587],[-73.96143,40.73097],[-73.96226,40.73292],[-73.96407,40.73278],[-73.9623,40.73311],[-73.96157,40.73518],[-73.95838,40.7381],[-73.9544,40.73911]]],[[[-73.96247,40.72413],[-73.96201,40.72399],[-73.96207,40.72388],[-73.96247,40.72413]]]]}},{"type":"Feature","id":113,"properties":{},"geometry":{"type":"Polygon","coordinates":[[[-73.9899,40.73443],[-73.99155,40.72709],[-73.99657,40.72955],[-73.99556,40.73072],[-74.00007,40.73293],[-73.99684,40.73736],[-73.9899,40.73443]]]}},{"type":"Feature","id":114,"properties":{},"geometry":{"type":"Polygon","coordinates":[[[-73.99258,40.7242],[-73.99677,40.72543],[-74.00282,40.72836],[-74.00007,40.73293],[-73.99556,40.73072],[-73.99657,40.72955],[-73.99155,40.72709],[-73.99258,40.7242]]]}},{"type":"Feature","id":115,"properties":{},"geometry":{"type":"Polygon","coordinates":[[[-74.0807,40.62754],[-74.08326,40.62719],[-74.08496,40.62463],[-74.08627,40.61783],[-74.08785,40.61524],[-74.08721,40.61331],[-74.08,40.61855],[-74.07254,40.62246],[-74.07113,40.62036],[-74.07183,40.6189],[-74.07503,40.61638],[-74.08155,40.60629],[-74.08543,40.60702],[-74.09411,40.61041],[-74.09777,40.61062],[-74.10351,40.61642],[-74.09224,40.62574],[-74.08575,40.63396],[-74.07972,40.62895],[-74.0807,40.62754]]]}},{"type":"Feature","id":116,"properties":{},"geometry":{"type":"Polygon","coordinates":[[[-73.93864,40.82974],[-73.94515,40.82088],[-73.94808,40.82211],[-73.94854,40.82149],[-73.94992,40.82207],[-73.95083,40.82083],[-73.95634,40.82309],[-73.95954,40.82364],[-73.95632,40.82794],[-73.95504,40.82741],[-73.95454,40.82786],[-73.95016,40.8344],[-73.93864,40.82974]]]}},{"type":"Feature","id":117,"properties":{},"geometry":{"type":"Polygon","coordinates":[[[-73.77927,40.60931],[-73.77522,40.6097],[-73.77413,40.60875],[-73.77481,40.6084],[-73.7746,40.60742],[-73.77485,40.60802],[-73.77524,40.60855],[-73.77601,40.60919],[-73.77459,40.6073],[-73.77469,40.60431],[-73.77816,40.6004],[-73.78017,40.6007],[-73.78186,40.59837],[-73.78005,40.59686],[-73.77498,40.60175],[-73.77363,40.59815],[-73.7681,40.59785],[-73.76772,40.59626],[-73.766,40.59872],[-73.76654,40.59943],[-73.76445,40.60044],[-73.76336,40.59911],[-73.76166,40.59997],[-73.76129,40.59955],[-73.76333,40.59782],[-73.76278,40.59476],[-73.7644,40.59457],[-73.76376,40.59144],[-73.78043,40.5896],[-73.7886,40.58748],[-73.81352,40.58347],[-73.81731,40.58233],[-73.81751,40.58279],[-73.81545,40.58337],[-73.81788,40.58745],[-73.81909,40.58783],[-73.81764,40.58929],[-73.81341,40.59092],[-73.81359,40.5917],[-73.81323,40.59107],[-73.8117,40.59159],[-73.81149,40.5929],[-73.81133,40.59175],[-73.81082,40.59209],[-73.81139,40.59244],[-73.81141,40.59287],[-73.81107,40.59302],[-73.81081,40.59209],[-73.80991,40.59225],[-73.80959,40.59358],[-73.80603,40.59201],[-73.80578,40.59076],[-73.80581,40.59187],[-73.8043,40.59132],[-73.80417,40.59185],[-73.80783,40.59337],[-73.80798,40.59416],[-73.80604,40.59555],[-73.80411,40.59432],[-73.80381,40.59289],[-73.80244,40.59264],[-73.80251,40.59395],[-73.80314,40.59376],[-73.80318,40.59395],[-73.80257,40.59427],[-73.80324,40.59409],[-73.80329,40.59428],[-73.80235,40.5945],[-73.80344,40.59443],[-73.80321,40.59515],[-73.8039,40.59499],[-73.80331,40.59518],[-73.80368,40.5952],[-73.80486,40.59673],[-73.80513,40.59661],[-73.80525,40.5969],[-73.80298,40.59884],[-73.79233,40.59995],[-73.78786,40.60311],[-73.7865,40.60325],[-73.78793,40.601],[-73.79034,40.59919],[-73.79103,40.59553],[-73.79042,40.59475],[-73.79057,40.59495],[-73.79081,40.59609],[-73.79059,40.59611],[-73.79015,40.59477],[-73.79042,40.59605],[-73.79018,40.59607],[-73.78974,40.59474],[-73.79,40.59621],[-73.78967,40.59486],[-73.78907,40.59802],[-73.78351,40.60256],[-73.78367,40.60532],[-73.77927,40.60931]]]}},{"type":"Feature","id":118,"properties":{},"geometry":{"type":"Polygon","coordinates":[[[-74.10834,40.61023],[-74.09556,40.61062],[-74.09045,40.60909],[-74.09272,40.60636],[-74.0929,40.60136],[-74.09193,40.5985],[-74.09375,40.59674],[-74.10041,40.59334],[-74.10149,40.58934],[-74.10791,40.58369],[-74.12126,40.57525],[-74.12709,40.57637],[-74.12765,40.57523],[-74.13261,40.57353],[-74.14419,40.57204],[-74.14439,40.56971],[-74.1479,40.57089],[-74.15466,40.56551],[-74.15726,40.56255],[-74.16494,40.56011],[-74.16983,40.56109],[-74.16995,40.57346],[-74.16843,40.5865],[-74.16769,40.58883],[-74.1626,40.59316],[-74.1619,40.5953],[-74.15989,40.59517],[-74.1482,40.5886],[-74.13864,40.58906],[-74.13385,40.59636],[-74.13092,40.59886],[-74.12506,40.59818],[-74.1207,40.60071],[-74.1206,40.60181],[-74.11487,40.60214],[-74.11588,40.60726],[-74.11742,40.60929],[-74.12117,40.60883],[-74.12135,40.60977],[-74.11509,40.61121],[-74.10834,40.61023]]]}},{"type":"Feature","id":119,"properties":{},"geometry":{"type":"Polygon","coordinates":[[[-73.92478,40.84475],[-73.91729,40.84511],[-73.91795,40.84223],[-73.91618,40.84233],[-73.91902,40.83838],[-73.92399,40.83505],[-73.92803,40.82972],[-73.93003,40.82859],[-73.93307,40.82816],[-73.93314,40.83519],[-73.92862,40.84468],[-73.92808,40.84539],[-73.92478,40.84475]]]}},{"type":"Feature","id":120,"properties":{},"geometry":{"type":"Polygon","coordinates":[[[-73.92295,40.85885],[-73.92228,40.85565],[-73.92972,40.84523],[-73.93436,40.8362],[-73.93839,40.83311],[-73.94017,40.83038],[-73.94025,40.83184],[-73.93506,40.83933],[-73.93557,40.84171],[-73.93062,40.84848],[-73.92971,40.84812],[-73.92708,40.85143],[-73.9277,40.85249],[-73.92467,40.85698],[-73.92519,40.85803],[-73.92691,40.85751],[-73.9271,40.85828],[-73.92474,40.86159],[-73.92295,40.85885]]]}},{"type":"Feature","id":121,"properties":{},"geometry":{"type":"Polygon","coordinates":[[[-73.81505,40.73894],[-73.79585,40.73807],[-73.79379,40.7307],[-73.79045,40.72355],[-73.79038,40.7201],[-73.79073,40.71921],[-73.80022,40.71674],[-73.80781,40.71585],[-73.80904,40.71991],[-73.80453,40.72146],[-73.80488,40.72505],[-73.80652,40.72487],[-73.80717,40.72827],[-73.81112,40.72782],[-73.81074,40.72627],[-73.8151,40.72854],[-73.81505,40.73894]]]}},{"type":"Feature","id":122,"properties":{},"geometry":{"type":"Polygon","coordinates":[[[-73.75833,40.71958],[-73.75371,40.71332],[-73.75047,40.70564],[-73.76096,40.70291],[-73.76126,40.7036],[-73.76612,40.70233],[-73.76826,40.70953],[-73.77172,40.71032],[-73.76944,40.71198],[-73.77192,40.71569],[-73.76664,40.71765],[-73.76571,40.71639],[-73.75833,40.71958]]]}},{"type":"Feature","id":123,"properties":{},"geometry":{"type":"Polygon","coordinates":[[[-73.96286,40.61255],[-73.96238,40.60999],[-73.95859,40.6104],[-73.95683,40.60109],[-73.95776,40.60099],[-73.95608,40.5921],[-73.957,40.592],[-73.95619,40.58776],[-73.96035,40.58731],[-73.96068,40.5916],[-73.97115,40.59044],[-73.97191,40.59942],[-73.97291,40.59932],[-73.97218,40.60419],[-73.97299,40.60881],[-73.9643,40.60978],[-73.96478,40.61233],[-73.96286,40.61255]]]}},{"type":"Feature","id":124,"properties":{},"geometry":{"type":"MultiPolygon","coordinates":[[[[-73.86132,40.67502],[-73.84244,40.66929],[-73.84216,40.6687],[-73.83335,40.66677],[-73.8286,40.6572],[-73.82639,40.64832],[-73.82891,40.64938],[-73.83133,40.65275],[-73.83158,40.65381],[-73.82901,40.65611],[-73.83044,40.65552],[-73.83171,40.65393],[-73.83222,40.65446],[-73.83149,40.65498],[-73.83116,40.65592],[-73.82938,40.65651],[-73.82897,40.65721],[-73.82918,40.6578],[-73.83013,40.6584],[-73.82971,40.6585],[-73.8296,40.65866],[-73.83015,40.65981],[-73.83024,40.65835],[-73.82909,40.65733],[-73.83127,40.656],[-73.83185,40.65489],[-73.8329,40.65748],[-73.83194,40.65617],[-73.8326,40.65783],[-73.83097,40.65823],[-73.83338,40.65805],[-73.83109,40.64848],[-73.83167,40.64797],[-73.83561,40.64851],[-73.83879,40.66109],[-73.83806,40.66201],[-73.83874,40.66245],[-73.83998,40.6619],[-73.83979,40.66049],[-73.83592,40.6455],[-73.84951,40.64413],[-73.85183,40.64586],[-73.8523,40.64777],[-73.8494,40.65143],[-73.85078,40.65153],[-73.85251,40.65055],[-73.85592,40.65131],[-73.85671,40.6528],[-73.85828,40.65299],[-73.85931,40.65497],[-73.86136,40.65641],[-73.85983,40.65698],[-73.85964,40.65846],[-73.86023,40.6589],[-73.86098,40.65838],[-73.86061,40.65933],[-73.86125,40.65872],[-73.86096,40.65806],[-73.85977,40.65828],[-73.86088,40.65691],[-73.86161,40.657],[-73.8617,40.65802],[-73.8627,40.65762],[-73.86317,40.65828],[-73.86036,40.65965],[-73.85761,40.66011],[-73.85843,40.66345],[-73.85568,40.66387],[-73.85763,40.67166],[-73.86039,40.67127],[-73.86132,40.67502]]],[[[-73.82995,40.65542],[-73.83027,40.65543],[-73.82989,40.65552],[-73.82995,40.65542]]],[[[-73.85979,40.65448],[-73.86048,40.65466],[-73.86099,40.65521],[-73.85979,40.65448]]],[[[-73.85976,40.6541],[-73.85941,40.65386],[-73.85898,40.65268],[-73.85976,40.6541]]],[[[-73.85898,40.65268],[-73.85732,40.65124],[-73.85696,40.65059],[-73.85898,40.65268]]]]}},{"type":"Feature","id":125,"properties":{},"geometry":{"type":"Polygon","coordinates":[[[-74.01067,40.72911],[-74.00215,40.72804],[-74.00373,40.72625],[-74.00531,40.72182],[-74.01081,40.72579],[-74.01135,40.72428],[-74.01196,40.72433],[-74.01165,40.72587],[-74.0152,40.72636],[-74.01512,40.72679],[-74.01154,40.72645],[-74.01067,40.72911]]]}},{"type":"Feature","id":126,"properties":{},"geometry":{"type":"Polygon","coordinates":[[[-73.88615,40.82731],[-73.88753,40.82251],[-73.8844,40.82297],[-73.88245,40.81927],[-73.87673,40.81539],[-73.87239,40.81397],[-73.87057,40.81209],[-73.86811,40.80675],[-73.87238,40.80129],[-73.87235,40.80017],[-73.87298,40.80025],[-73.87271,40.80117],[-73.87814,40.80132],[-73.87843,40.8027],[-73.88505,40.80213],[-73.88796,40.805],[-73.88928,40.80518],[-73.88922,40.80585],[-73.89,40.80489],[-73.88937,40.80593],[-73.89179,40.80562],[-73.89198,40.80638],[-73.89271,40.80634],[-73.89253,40.80566],[-73.89227,40.8057],[-73.89128,40.80498],[-73.89257,40.80562],[-73.89275,40.80634],[-73.89485,40.80621],[-73.89484,40.80572],[-73.8951,40.80686],[-73.89528,40.80577],[-73.89559,40.80658],[-73.89587,40.80581],[-73.89611,40.8065],[-73.89741,40.8058],[-73.89801,40.80617],[-73.89787,40.80553],[-73.89816,40.80614],[-73.89854,40.80541],[-73.90222,40.80495],[-73.90307,40.80988],[-73.89543,40.81584],[-73.89704,40.8168],[-73.89284,40.82097],[-73.89588,40.82099],[-73.89586,40.82263],[-73.8932,40.82401],[-73.89487,40.82394],[-73.89484,40.82625],[-73.88615,40.82731]]]}},{"type":"Feature","id":127,"properties":{},"geometry":{"type":"MultiPolygon","coordinates":[[[[-73.91122,40.87303],[-73.91044,40.87138],[-73.91255,40.86651],[-73.91392,40.86475],[-73.91492,40.86458],[-73.91441,40.86417],[-73.9159,40.86431],[-73.91539,40.86308],[-73.9195,40.85879],[-73.92159,40.86007],[-73.92187,40.85918],[-73.92035,40.8582],[-73.92278,40.85683],[-73.92296,40.85891],[-73.92872,40.86674],[-73.92623,40.86851],[-73.92136,40.86955],[-73.91925,40.87101],[-73.9197,40.87206],[-73.91846,40.87302],[-73.91401,40.87116],[-73.91122,40.87303]]],[[[-73.9217,40.85667],[-73.9223,40.85566],[-73.92234,40.85568],[-73.9217,40.85667]]]]}},{"type":"Feature","id":128,"properties":{},"geometry":{"type":"MultiPolygon","coordinates":[[[[-73.92641,40.87762],[-73.92615,40.87709],[-73.92483,40.87744],[-73.92258,40.87692],[-73.92254,40.87424],[-73.92117,40.87307],[-73.91978,40.8736],[-73.9208,40.87419],[-73.9209,40.87547],[-73.91886,40.87464],[-73.91928,40.87364],[-73.91855,40.87318],[-73.91758,40.87455],[-73.91787,40.8739],[-73.91522,40.87449],[-73.91154,40.87325],[-73.91401,40.87116],[-73.91846,40.87302],[-73.9197,40.87206],[-73.91925,40.87101],[-73.92136,40.86955],[-73.92623,40.86851],[-73.92872,40.86674],[-73.93221,40.8701],[-73.92918,40.87556],[-73.92641,40.87762]]],[[[-73.92363,40.87896],[-73.92364,40.87882],[-73.92368,40.87883],[-73.92363,40.87896]]]]}},{"type":"Feature","id":129,"properties":{},"geometry":{"type":"Polygon","coordinates":[[[-73.87609,40.77154],[-73.87514,40.75663],[-73.87366,40.7568],[-73.86942,40.74916],[-73.89175,40.74681],[-73.89624,40.74872],[-73.89985,40.75756],[-73.89438,40.76553],[-73.89325,40.76627],[-73.89089,40.76586],[-73.88506,40.7676],[-73.87609,40.77154]]]}},{"type":"Feature","id":130,"properties":{},"geometry":{"type":"Polygon","coordinates":[[[-73.76963,40.71179],[-73.77172,40.71032],[-73.76845,40.70964],[-73.77431,40.70739],[-73.77555,40.70607],[-73.77231,40.70057],[-73.77396,40.69981],[-73.78034,40.70541],[-73.78257,40.70542],[-73.79239,40.70217],[-73.79187,40.70137],[-73.79261,40.70043],[-73.79786,40.69799],[-73.80642,40.69087],[-73.8089,40.69256],[-73.81063,40.69195],[-73.81638,40.70245],[-73.81153,40.70227],[-73.81201,40.70594],[-73.80695,40.70737],[-73.80565,40.70467],[-73.80166,40.70576],[-73.80302,40.70814],[-73.80141,40.70969],[-73.7987,40.71066],[-73.79777,40.70914],[-73.78928,40.71203],[-73.78658,40.71197],[-73.77192,40.71569],[-73.76963,40.71179]]]}},{"type":"Feature","id":131,"properties":{},"geometry":{"type":"Polygon","coordinates":[[[-73.77733,40.72239],[-73.77437,40.72426],[-73.76924,40.7259],[-73.7567,40.72623],[-73.75509,40.72449],[-73.75577,40.72364],[-73.75233,40.72026],[-73.75726,40.71814],[-73.75833,40.71958],[-73.76571,40.71639],[-73.76664,40.71765],[-73.77357,40.71512],[-73.78658,40.71197],[-73.78928,40.71203],[-73.79304,40.71071],[-73.79359,40.71413],[-73.7903,40.72089],[-73.79045,40.72355],[-73.79174,40.72579],[-73.77758,40.73019],[-73.77523,40.72524],[-73.77804,40.72328],[-73.77733,40.72239]]]}},{"type":"Feature","id":132,"properties":{},"geometry":{"type":"MultiPolygon","coordinates":[[[[-73.74667,40.63871],[-73.74654,40.6387],[-73.74664,40.63866],[-73.74667,40.63871]]],[[[-73.74704,40.63757],[-73.74694,40.63753],[-73.74705,40.63755],[-73.74704,40.63757]]],[[[-73.74713,40.63722],[-73.747,40.63713],[-73.74716,40.63706],[-73.74713,40.63722]]],[[[-73.82503,40.66358],[-73.81497,40.66247],[-73.81177,40.66293],[-73.80845,40.66446],[-73.80073,40.66527],[-73.78481,40.6635],[-73.78076,40.66241],[-73.77419,40.65986],[-73.75411,40.6487],[-73.75522,40.64744],[-73.74908,40.64363],[-73.74742,40.64138],[-73.74858,40.6355],[-73.76309,40.62966],[-73.76501,40.62941],[-73.767,40.62753],[-73.76878,40.62432],[-73.76869,40.62267],[-73.77077,40.62003],[-73.77172,40.62096],[-73.77082,40.62328],[-73.77704,40.62767],[-73.77999,40.62669],[-73.78419,40.62089],[-73.7895,40.62275],[-73.78347,40.62812],[-73.78265,40.63025],[-73.78949,40.63428],[-73.79077,40.63386],[-73.79222,40.63589],[-73.81831,40.64639],[-73.82183,40.6499],[-73.82348,40.65537],[-73.82228,40.65943],[-73.8187,40.66111],[-73.81262,40.66016],[-73.81143,40.66025],[-73.81144,40.66075],[-73.81867,40.66213],[-73.82338,40.66021],[-73.82498,40.65543],[-73.82291,40.64809],[-73.82466,40.64972],[-73.82586,40.64948],[-73.82614,40.65008],[-73.82639,40.64832],[-73.8286,40.6572],[-73.83271,40.66541],[-73.82503,40.66358]]]]}},{"type":"Feature","id":133,"properties":{},"geometry":{"type":"Polygon","coordinates":[[[-73.97819,40.64753],[-73.97777,40.64534],[-73.97483,40.64566],[-73.97464,40.64481],[-73.97084,40.64638],[-73.96804,40.63665],[-73.97029,40.63641],[-73.96987,40.63419],[-73.97605,40.63128],[-73.97689,40.63567],[-73.97911,40.63544],[-73.98042,40.64239],[-73.98299,40.64132],[-73.98835,40.64456],[-73.98181,40.64713],[-73.97819,40.64753]]]}},{"type":"Feature","id":134,"properties":{},"geometry":{"type":"Polygon","coordinates":[[[-73.82592,40.71599],[-73.82023,40.70946],[-73.81638,40.70245],[-73.82246,40.70366],[-73.83152,40.70139],[-73.83213,40.70279],[-73.83392,40.70235],[-73.8346,40.70393],[-73.83662,40.70342],[-73.8381,40.70616],[-73.83715,40.70796],[-73.84315,40.70922],[-73.82592,40.71599]]]}},{"type":"Feature","id":135,"properties":{},"geometry":{"type":"Polygon","coordinates":[[[-73.83113,40.74234],[-73.83054,40.73752],[-73.82947,40.73702],[-73.82809,40.73708],[-73.82794,40.73849],[-73.82435,40.73975],[-73.81693,40.73839],[-73.81497,40.73856],[-73.8151,40.72854],[-73.81074,40.72627],[-73.81112,40.72782],[-73.80717,40.72827],[-73.80652,40.72487],[-73.80488,40.72505],[-73.80453,40.72146],[-73.80904,40.71991],[-73.80781,40.71585],[-73.8172,40.71584],[-73.82019,40.71674],[-73.81733,40.71766],[-73.82532,40.71728],[-73.82731,40.72465],[-73.83073,40.72655],[-73.83636,40.73501],[-73.83565,40.73849],[-73.83669,40.73954],[-73.83699,40.74209],[-73.83586,40.74323],[-73.83113,40.74234]]]}},{"type":"Feature","id":136,"properties":{},"geometry":{"type":"Polygon","coordinates":[[[-73.90319,40.86915],[-73.89942,40.86788],[-73.89892,40.86966],[-73.89656,40.86857],[-73.90254,40.86058],[-73.90351,40.86092],[-73.90487,40.85869],[-73.90777,40.85961],[-73.90976,40.85718],[-73.91057,40.85862],[-73.91328,40.85962],[-73.91051,40.86089],[-73.90909,40.8624],[-73.91076,40.86165],[-73.91423,40.86249],[-73.91341,40.86337],[-73.91276,40.86303],[-73.9128,40.8639],[-73.91044,40.86653],[-73.90893,40.87216],[-73.90746,40.87355],[-73.90452,40.8725],[-73.90442,40.87036],[-73.90319,40.86915]]]}},{"type":"Feature","id":137,"properties":{},"geometry":{"type":"Polygon","coordinates":[[[-73.97168,40.74305],[-73.97249,40.7358],[-73.97447,40.73628],[-73.97446,40.73567],[-73.97276,40.73551],[-73.97354,40.73494],[-73.9785,40.73679],[-73.97805,40.73755],[-73.98266,40.7395],[-73.97812,40.74573],[-73.97168,40.74305]]]}},{"type":"Feature","id":138,"properties":{},"geometry":{"type":"MultiPolygon","coordinates":[[[[-73.87125,40.78604],[-73.86978,40.78534],[-73.86918,40.78594],[-73.86987,40.78509],[-73.86944,40.78364],[-73.86861,40.7838],[-73.86848,40.78369],[-73.86942,40.78359],[-73.87256,40.78082],[-73.85505,40.7722],[-73.85646,40.77032],[-73.85821,40.77032],[-73.85625,40.76889],[-73.85705,40.76914],[-73.85938,40.76708],[-73.86269,40.76688],[-73.86043,40.76387],[-73.8611,40.76366],[-73.86607,40.7688],[-73.87143,40.77158],[-73.87705,40.77132],[-73.88771,40.76684],[-73.88873,40.76892],[-73.88945,40.77353],[-73.88567,40.77443],[-73.88578,40.77402],[-73.88392,40.77413],[-73.88484,40.77495],[-73.88429,40.77547],[-73.88493,40.77994],[-73.87871,40.78059],[-73.87886,40.7824],[-73.87975,40.78284],[-73.8797,40.78288],[-73.87883,40.78243],[-73.87834,40.78303],[-73.87516,40.78151],[-73.87125,40.78604]]],[[[-73.87285,40.78593],[-73.87277,40.78594],[-73.87281,40.7859],[-73.87285,40.78593]]],[[[-73.88947,40.77574],[-73.89034,40.77324],[-73.89183,40.77488],[-73.89017,40.77785],[-73.88947,40.77574]]]]}},{"type":"Feature","id":139,"properties":{},"geometry":{"type":"Polygon","coordinates":[[[-73.74755,40.68935],[-73.72718,40.6836],[-73.7283,40.68148],[-73.74118,40.6664],[-73.75763,40.66645],[-73.75636,40.67243],[-73.75857,40.67264],[-73.76031,40.67511],[-73.75692,40.67653],[-73.75576,40.67589],[-73.74755,40.68935]]]}},{"type":"Feature","id":140,"properties":{},"geometry":{"type":"Polygon","coordinates":[[[-73.95854,40.7585],[-73.96197,40.75962],[-73.95269,40.77234],[-73.94749,40.77012],[-73.95854,40.7585]]]}},{"type":"Feature","id":141,"properties":{},"geometry":{"type":"Polygon","coordinates":[[[-73.96178,40.75988],[-73.96658,40.76155],[-73.95729,40.77428],[-73.95269,40.77234],[-73.96178,40.75988]]]}},{"type":"Feature","id":142,"properties":{},"geometry":{"type":"Polygon","coordinates":[[[-73.98148,40.76773],[-73.98237,40.76739],[-73.98806,40.76979],[-73.98067,40.77993],[-73.975,40.77753],[-73.98165,40.76844],[-73.98148,40.76773]]]}},{"type":"Feature","id":143,"properties":{},"geometry":{"type":"Polygon","coordinates":[[[-73.98507,40.78178],[-73.98067,40.77993],[-73.98806,40.76979],[-73.99624,40.77379],[-73.99394,40.77318],[-73.98887,40.77969],[-73.99155,40.77957],[-73.98889,40.77988],[-73.98813,40.7814],[-73.98568,40.78031],[-73.98507,40.78178]]]}},{"type":"Feature","id":144,"properties":{},"geometry":{"type":"Polygon","coordinates":[[[-73.9926,40.72414],[-73.99606,40.71623],[-73.99859,40.7171],[-74.00188,40.7194],[-73.99677,40.72543],[-73.9926,40.72414]]]}},{"type":"Feature","id":145,"properties":{},"geometry":{"type":"Polygon","coordinates":[[[-73.95081,40.75526],[-73.93812,40.74979],[-73.93664,40.7482],[-73.94033,40.74541],[-73.94343,40.74423],[-73.9442,40.74288],[-73.93726,40.74518],[-73.9387,40.73814],[-73.94141,40.7393],[-73.93867,40.74253],[-73.94002,40.74321],[-73.93965,40.74273],[-73.94159,40.73986],[-73.94548,40.73821],[-73.94715,40.7379],[-73.95381,40.73982],[-73.95741,40.73956],[-73.96073,40.73808],[-73.96217,40.73827],[-73.96262,40.739],[-73.96129,40.74043],[-73.96155,40.74199],[-73.95972,40.74369],[-73.96065,40.74413],[-73.95878,40.74456],[-73.95965,40.74522],[-73.95849,40.74499],[-73.95932,40.74554],[-73.9584,40.74572],[-73.95899,40.74606],[-73.95679,40.74884],[-73.95318,40.74773],[-73.95649,40.74911],[-73.95612,40.74976],[-73.95507,40.74963],[-73.95081,40.75526]]]}},{"type":"Feature","id":146,"properties":{},"geometry":{"type":"Polygon","coordinates":[[[-73.93383,40.7516],[-73.9374,40.74892],[-73.93812,40.74979],[-73.94405,40.75231],[-73.93679,40.75988],[-73.92416,40.75396],[-73.92563,40.75214],[-73.93383,40.7516]]]}},{"type":"Feature","id":147,"properties":{},"geometry":{"type":"Polygon","coordinates":[[[-73.89515,40.82783],[-73.89487,40.82394],[-73.8932,40.82401],[-73.89586,40.82263],[-73.89588,40.82099],[-73.8929,40.82081],[-73.89704,40.8168],[-73.89543,40.81584],[-73.90307,40.80988],[-73.90342,40.81151],[-73.90447,40.81228],[-73.90061,40.82211],[-73.90199,40.82244],[-73.90051,40.82601],[-73.90165,40.82626],[-73.90094,40.82793],[-73.89515,40.82783]]]}},{"type":"Feature","id":148,"properties":{},"geometry":{"type":"Polygon","coordinates":[[[-73.98382,40.72147],[-73.98507,40.71908],[-73.98675,40.71959],[-73.99022,40.7144],[-73.9975,40.71407],[-73.9926,40.72414],[-73.98382,40.72147]]]}},{"type":"Feature","id":149,"properties":{},"geometry":{"type":"Polygon","coordinates":[[[-73.94483,40.61605],[-73.94355,40.60935],[-73.94231,40.60827],[-73.93935,40.61019],[-73.93754,40.60856],[-73.93973,40.60713],[-73.93426,40.60223],[-73.93503,40.60173],[-73.93447,40.60123],[-73.94289,40.60032],[-73.94248,40.5982],[-73.95693,40.59661],[-73.95776,40.60099],[-73.95683,40.60109],[-73.95859,40.6104],[-73.94978,40.61137],[-73.95027,40.61392],[-73.94743,40.61422],[-73.94483,40.61605]]]}},{"type":"Feature","id":150,"properties":{},"geometry":{"type":"Polygon","coordinates":[[[-73.93146,40.5861],[-73.9301,40.5845],[-73.93204,40.58423],[-73.93193,40.58287],[-73.94103,40.58307],[-73.94157,40.58361],[-73.94255,40.58351],[-73.94202,40.58311],[-73.94629,40.58357],[-73.9458,40.58319],[-73.95349,40.58299],[-73.9533,40.582],[-73.9497,40.58232],[-73.94274,40.581],[-73.93258,40.58126],[-73.93106,40.57627],[-73.9315,40.57566],[-73.93494,40.57527],[-73.93623,40.57585],[-73.94251,40.57537],[-73.94428,40.5758],[-73.94461,40.57523],[-73.94572,40.57556],[-73.95236,40.57427],[-73.95414,40.58311],[-73.95901,40.58284],[-73.96005,40.58327],[-73.96026,40.58503],[-73.95388,40.58572],[-73.94866,40.58489],[-73.93445,40.58665],[-73.93146,40.5861]]]}},{"type":"Feature","id":151,"properties":{},"geometry":{"type":"Polygon","coordinates":[[[-73.96004,40.79804],[-73.96418,40.79236],[-73.96526,40.7928],[-73.96987,40.79474],[-73.96942,40.79536],[-73.9764,40.79827],[-73.97287,40.80336],[-73.96004,40.79804]]]}},{"type":"Feature","id":152,"properties":{},"geometry":{"type":"Polygon","coordinates":[[[-73.95951,40.8236],[-73.95083,40.82083],[-73.94992,40.82207],[-73.94608,40.82126],[-73.9492,40.81472],[-73.9521,40.81144],[-73.95408,40.81228],[-73.95571,40.81414],[-73.95627,40.81338],[-73.95949,40.81701],[-73.96203,40.81809],[-73.95882,40.82152],[-73.9596,40.82299],[-73.95853,40.82184],[-73.95794,40.82277],[-73.95951,40.8236]]]}},{"type":"Feature","id":153,"properties":{},"geometry":{"type":"Polygon","coordinates":[[[-73.90667,40.87572],[-73.90774,40.87285],[-73.90893,40.87216],[-73.91092,40.87415],[-73.91579,40.87572],[-73.91149,40.87902],[-73.91033,40.87904],[-73.90704,40.8769],[-73.90667,40.87572]]]}},{"type":"Feature","id":154,"properties":{},"geometry":{"type":"MultiPolygon","coordinates":[[[[-73.93605,40.60951],[-73.93423,40.6079],[-73.93351,40.60834],[-73.92987,40.60507],[-73.92625,40.60741],[-73.92444,40.60579],[-73.92158,40.60764],[-73.92066,40.60675],[-73.91971,40.6073],[-73.91443,40.60286],[-73.91347,40.60291],[-73.9135,40.60237],[-73.91302,40.60275],[-73.91331,40.60226],[-73.91274,40.60271],[-73.9131,40.60221],[-73.91158,40.60214],[-73.91158,40.60222],[-73.91231,40.60228],[-73.91254,40.60236],[-73.91154,40.60244],[-73.91261,40.60253],[-73.91257,40.60268],[-73.91087,40.60249],[-73.91156,40.60216],[-73.91076,40.60203],[-73.91075,40.60244],[-73.90904,40.60268],[-73.91073,40.60202],[-73.90894,40.60161],[-73.90768,40.60229],[-73.90333,40.60246],[-73.89881,40.60366],[-73.8922,40.60339],[-73.88764,40.60528],[-73.88398,40.60557],[-73.88269,40.60422],[-73.88329,40.60292],[-73.88163,40.59945],[-73.87971,40.5914],[-73.87897,40.5909],[-73.87879,40.58803],[-73.87672,40.58491],[-73.8797,40.58014],[-73.88207,40.57907],[-73.89552,40.57677],[-73.89709,40.57989],[-73.89656,40.58301],[-73.89814,40.58519],[-73.89831,40.58684],[-73.89892,40.58754],[-73.89973,40.58717],[-73.89903,40.58768],[-73.89981,40.58801],[-73.89991,40.58779],[-73.90122,40.58738],[-73.89995,40.58804],[-73.90072,40.58808],[-73.90427,40.58691],[-73.90652,40.58803],[-73.90713,40.58753],[-73.90644,40.58703],[-73.91148,40.58608],[-73.91204,40.59451],[-73.91513,40.59878],[-73.92152,40.60192],[-73.92457,40.59972],[-73.92951,40.60271],[-73.92925,40.60398],[-73.931,40.60394],[-73.93212,40.60271],[-73.93109,40.60172],[-73.9272,40.59991],[-73.92178,40.59503],[-73.92032,40.59472],[-73.91454,40.58994],[-73.91434,40.58889],[-73.91819,40.58661],[-73.92957,40.59682],[-73.92813,40.59778],[-73.93973,40.60713],[-73.93605,40.60951]]],[[[-73.91513,40.58627],[-73.91282,40.5859],[-73.91242,40.58339],[-73.91463,40.58276],[-73.9173,40.58319],[-73.91541,40.58236],[-73.91191,40.58296],[-73.91154,40.58179],[-73.91506,40.58154],[-73.92444,40.58356],[-73.93185,40.58294],[-73.93204,40.58423],[-73.9301,40.5845],[-73.9314,40.58608],[-73.92712,40.58488],[-73.92101,40.58458],[-73.91513,40.58627]]],[[[-73.9199,40.5996],[-73.91626,40.59816],[-73.91308,40.59415],[-73.91301,40.59202],[-73.91524,40.59159],[-73.91788,40.59472],[-73.92182,40.59733],[-73.92213,40.59866],[-73.9199,40.5996]]]]}},{"type":"Feature","id":155,"properties":{},"geometry":{"type":"Polygon","coordinates":[[[-73.91861,40.63209],[-73.90386,40.62494],[-73.90545,40.62579],[-73.90255,40.62444],[-73.90327,40.62448],[-73.90283,40.62405],[-73.90242,40.62446],[-73.90229,40.62441],[-73.90284,40.62345],[-73.90094,40.62253],[-73.90072,40.62163],[-73.89644,40.62139],[-73.89561,40.6198],[-73.89664,40.61735],[-73.89586,40.61452],[-73.89095,40.61283],[-73.89394,40.61118],[-73.89108,40.61228],[-73.88972,40.6116],[-73.89022,40.6104],[-73.89227,40.60917],[-73.89335,40.60674],[-73.89834,40.6053],[-73.89987,40.60552],[-73.90088,40.60698],[-73.90016,40.61008],[-73.90133,40.61172],[-73.90249,40.61186],[-73.90119,40.61056],[-73.90133,40.61048],[-73.90717,40.61601],[-73.90674,40.6163],[-73.90753,40.61634],[-73.90781,40.61737],[-73.90879,40.61744],[-73.90835,40.61653],[-73.90914,40.61653],[-73.90797,40.61574],[-73.90918,40.61652],[-73.90896,40.61699],[-73.9096,40.61639],[-73.90226,40.61042],[-73.90178,40.60567],[-73.90524,40.60491],[-73.90597,40.60638],[-73.90864,40.60666],[-73.90803,40.60536],[-73.90889,40.60654],[-73.90985,40.606],[-73.90833,40.60407],[-73.91092,40.60351],[-73.91365,40.60398],[-73.91674,40.60681],[-73.91632,40.60868],[-73.91657,40.60942],[-73.91651,40.60863],[-73.91709,40.60882],[-73.91616,40.61052],[-73.9145,40.61165],[-73.91493,40.61396],[-73.91386,40.61464],[-73.91428,40.61494],[-73.91642,40.61357],[-73.91591,40.61385],[-73.91587,40.61291],[-73.91663,40.61344],[-73.91573,40.61183],[-73.91811,40.61021],[-73.91801,40.60815],[-73.91901,40.60827],[-73.91814,40.60765],[-73.91935,40.60804],[-73.91825,40.60723],[-73.9195,40.60797],[-73.91795,40.60621],[-73.91971,40.6073],[-73.92066,40.60675],[-73.92158,40.60764],[-73.92444,40.60579],[-73.92625,40.60741],[-73.92987,40.60507],[-73.93351,40.60834],[-73.93423,40.6079],[-73.93605,40.60951],[-73.93754,40.60856],[-73.93935,40.61019],[-73.94231,40.60827],[-73.94355,40.60935],[-73.94483,40.61605],[-73.94347,40.61739],[-73.94079,40.6177],[-73.93687,40.62025],[-73.9332,40.61697],[-73.93173,40.61793],[-73.9263,40.61312],[-73.9264,40.61448],[-73.92062,40.61484],[-73.92053,40.61394],[-73.9169,40.61627],[-73.91861,40.63209]]]}},{"type":"Feature","id":156,"properties":{},"geometry":{"type":"MultiPolygon","coordinates":[[[[-74.1799,40.64527],[-74.17973,40.64438],[-74.1792,40.64505],[-74.17907,40.64465],[-74.17959,40.64192],[-74.17919,40.64299],[-74.17826,40.64213],[-74.17721,40.64312],[-74.1767,40.64242],[-74.17636,40.64233],[-74.17667,40.64339],[-74.1756,40.64331],[-74.17568,40.64471],[-74.17437,40.64514],[-74.17294,40.6442],[-74.17272,40.64295],[-74.17134,40.64286],[-74.17159,40.64103],[-74.17202,40.64099],[-74.17294,40.64058],[-74.17299,40.64049],[-74.17157,40.64101],[-74.17137,40.64209],[-74.17105,40.64259],[-74.17119,40.64174],[-74.16906,40.64213],[-74.16653,40.64142],[-74.1661,40.64241],[-74.1658,40.64122],[-74.16494,40.64221],[-74.16519,40.64064],[-74.16473,40.64039],[-74.16457,40.64142],[-74.16394,40.63991],[-74.16323,40.64095],[-74.16168,40.64061],[-74.16228,40.63877],[-74.16145,40.63943],[-74.16124,40.6386],[-74.1609,40.63939],[-74.16108,40.63857],[-74.16035,40.63844],[-74.15986,40.63993],[-74.16023,40.63841],[-74.15986,40.63873],[-74.15923,40.6378],[-74.15901,40.63882],[-74.15789,40.63797],[-74.15773,40.63888],[-74.15719,40.63795],[-74.1571,40.63928],[-74.15707,40.63795],[-74.1557,40.63752],[-74.15549,40.63847],[-74.15559,40.63773],[-74.15483,40.63772],[-74.15469,40.63919],[-74.1546,40.63734],[-74.1528,40.63713],[-74.1523,40.63827],[-74.1512,40.63773],[-74.15125,40.63941],[-74.15113,40.6385],[-74.14946,40.63741],[-74.14888,40.63871],[-74.14856,40.63744],[-74.14878,40.63888],[-74.14519,40.63938],[-74.14386,40.63889],[-74.14313,40.63968],[-74.1436,40.63851],[-74.14478,40.63795],[-74.14753,40.62939],[-74.14622,40.62911],[-74.14554,40.62783],[-74.1465,40.6242],[-74.15231,40.61716],[-74.15379,40.61226],[-74.16235,40.61834],[-74.16808,40.62094],[-74.1746,40.62236],[-74.17994,40.6266],[-74.19556,40.63502],[-74.19462,40.63739],[-74.19358,40.63747],[-74.18652,40.64339],[-74.18484,40.64413],[-74.18365,40.64224],[-74.18367,40.64461],[-74.18087,40.64485],[-74.18004,40.64429],[-74.1799,40.64527]]],[[[-74.15946,40.64145],[-74.16111,40.64184],[-74.16146,40.64429],[-74.15743,40.6433],[-74.15946,40.64145]]]]}},{"type":"Feature","id":157,"properties":{},"geometry":{"type":"Polygon","coordinates":[[[-73.89783,40.73516],[-73.88852,40.73453],[-73.88708,40.72464],[-73.8903,40.72492],[-73.89426,40.72314],[-73.89582,40.7239],[-73.89835,40.72311],[-73.89903,40.72386],[-73.90011,40.7233],[-73.89982,40.72124],[-73.8974,40.72155],[-73.89737,40.72046],[-73.90063,40.71976],[-73.90034,40.71802],[-73.89835,40.7192],[-73.89727,40.71815],[-73.89902,40.71738],[-73.8975,40.71638],[-73.90477,40.71287],[-73.90538,40.71288],[-73.90639,40.71736],[-73.90966,40.71779],[-73.91283,40.71536],[-73.91016,40.71382],[-73.91078,40.71319],[-73.92404,40.71401],[-73.92353,40.71562],[-73.92064,40.71577],[-73.92233,40.71659],[-73.91132,40.71962],[-73.91385,40.7229],[-73.90518,40.72896],[-73.90042,40.73465],[-73.89783,40.73516]]]}},{"type":"Feature","id":158,"properties":{},"geometry":{"type":"Polygon","coordinates":[[[-74.00917,40.74242],[-74.00516,40.74086],[-74.00709,40.72877],[-74.01067,40.72911],[-74.01077,40.72817],[-74.01439,40.72846],[-74.01409,40.73066],[-74.01116,40.73045],[-74.01099,40.73232],[-74.01094,40.73302],[-74.014,40.73333],[-74.01073,40.73346],[-74.01083,40.73401],[-74.01202,40.73406],[-74.01081,40.73428],[-74.01048,40.73806],[-74.01114,40.73839],[-74.01045,40.73836],[-74.01039,40.73917],[-74.01237,40.73975],[-74.01146,40.74058],[-74.01216,40.74061],[-74.01266,40.74075],[-74.0095,40.74073],[-74.01212,40.74176],[-74.00952,40.74149],[-74.00917,40.74242]]]}},{"type":"Feature","id":159,"properties":{},"geometry":{"type":"Polygon","coordinates":[[[-73.91189,40.82214],[-73.90991,40.82255],[-73.90129,40.82048],[-73.90447,40.81228],[-73.91095,40.81362],[-73.91769,40.81608],[-73.92048,40.81456],[-73.92158,40.81555],[-73.92125,40.81622],[-73.92309,40.8167],[-73.924,40.81544],[-73.92663,40.81612],[-73.92265,40.82049],[-73.91677,40.82439],[-73.91588,40.8241],[-73.91622,40.82347],[-73.91189,40.82214]]]}},{"type":"Feature","id":160,"properties":{},"geometry":{"type":"Polygon","coordinates":[[[-73.86971,40.72515],[-73.85963,40.71398],[-73.85965,40.71338],[-73.86501,40.71078],[-73.87016,40.70921],[-73.86911,40.70709],[-73.88088,40.70645],[-73.87761,40.70717],[-73.88006,40.71265],[-73.88508,40.71216],[-73.90477,40.71287],[-73.8975,40.71638],[-73.89902,40.71738],[-73.89727,40.71815],[-73.89835,40.7192],[-73.90034,40.71802],[-73.90063,40.71976],[-73.89737,40.72046],[-73.8974,40.72155],[-73.89982,40.72124],[-73.90011,40.7233],[-73.89903,40.72386],[-73.89835,40.72311],[-73.89582,40.7239],[-73.89426,40.72314],[-73.8903,40.72492],[-73.88708,40.72464],[-73.88721,40.72779],[-73.88009,40.72891],[-73.87509,40.73067],[-73.87146,40.72933],[-73.86971,40.72515]]]}},{"type":"Feature","id":161,"properties":{},"geometry":{"type":"Polygon","coordinates":[[[-73.97124,40.76094],[-73.97581,40.75468],[-73.97652,40.75497],[-73.97837,40.75242],[-73.98412,40.75484],[-73.97769,40.76364],[-73.97124,40.76094]]]}},{"type":"Feature","id":162,"properties":{},"geometry":{"type":"Polygon","coordinates":[[[-73.96657,40.76148],[-73.97445,40.75077],[-73.97837,40.75242],[-73.97652,40.75497],[-73.97581,40.75468],[-73.9698,40.76291],[-73.96657,40.76148]]]}},{"type":"Feature","id":163,"properties":{},"geometry":{"type":"Polygon","coordinates":[[[-73.98136,40.76784],[-73.9698,40.76291],[-73.97124,40.76094],[-73.97769,40.76364],[-73.9786,40.7624],[-73.98428,40.76479],[-73.98136,40.76784]]]}},{"type":"Feature","id":164,"properties":{},"geometry":{"type":"Polygon","coordinates":[[[-73.98085,40.74775],[-73.98407,40.74332],[-73.99052,40.74604],[-73.98412,40.75484],[-73.98089,40.75348],[-73.98408,40.7491],[-73.98085,40.74775]]]}},{"type":"Feature","id":165,"properties":{},"geometry":{"type":"Polygon","coordinates":[[[-73.96041,40.63016],[-73.95996,40.62778],[-73.94733,40.62917],[-73.94452,40.61971],[-73.94651,40.61949],[-73.94574,40.61536],[-73.94743,40.61422],[-73.95027,40.61392],[-73.94978,40.61137],[-73.96238,40.60999],[-73.96472,40.62237],[-73.96865,40.62194],[-73.9691,40.62433],[-73.97047,40.62417],[-73.97137,40.62893],[-73.96041,40.63016]]]}},{"type":"Feature","id":166,"properties":{},"geometry":{"type":"Polygon","coordinates":[[[-73.95949,40.81701],[-73.95627,40.81338],[-73.95571,40.81414],[-73.95408,40.81228],[-73.9521,40.81144],[-73.95358,40.80948],[-73.95497,40.81006],[-73.95818,40.8056],[-73.95825,40.80311],[-73.95965,40.80116],[-73.97111,40.80579],[-73.96203,40.81809],[-73.95949,40.81701]]]}},{"type":"Feature","id":167,"properties":{},"geometry":{"type":"Polygon","coordinates":[[[-73.8963,40.83354],[-73.89717,40.83037],[-73.88991,40.83012],[-73.88761,40.82934],[-73.8861,40.82766],[-73.8879,40.82674],[-73.89484,40.82625],[-73.89549,40.82825],[-73.90094,40.82793],[-73.90165,40.82626],[-73.90051,40.82601],[-73.90199,40.82244],[-73.90061,40.82211],[-73.90129,40.82048],[-73.90991,40.82255],[-73.91182,40.82204],[-73.91622,40.82347],[-73.91661,40.82499],[-73.91541,40.82577],[-73.91351,40.8248],[-73.91317,40.82546],[-73.91131,40.82485],[-73.91169,40.82776],[-73.90896,40.83023],[-73.90553,40.8291],[-73.90123,40.8355],[-73.89697,40.83435],[-73.8963,40.83354]]]}},{"type":"Feature","id":168,"properties":{},"geometry":{"type":"MultiPolygon","coordinates":[[[[-73.89833,40.80241],[-73.89647,40.80079],[-73.89864,40.7991],[-73.90021,40.79926],[-73.90004,40.80091],[-73.89833,40.80241]]],[[[-73.89681,40.79581],[-73.89797,40.79564],[-73.89919,40.7965],[-73.89788,40.79712],[-73.89681,40.79581]]],[[[-73.92663,40.81612],[-73.924,40.81544],[-73.92309,40.8167],[-73.92125,40.81622],[-73.92158,40.81555],[-73.92048,40.81456],[-73.91769,40.81608],[-73.90342,40.81151],[-73.90229,40.80456],[-73.91162,40.79664],[-73.91372,40.79679],[-73.91905,40.79899],[-73.92293,40.80237],[-73.92763,40.8027],[-73.92765,40.80399],[-73.92873,40.8041],[-73.93227,40.80834],[-73.93287,40.81041],[-73.93243,40.81412],[-73.93028,40.81325],[-73.92732,40.81856],[-73.92518,40.81801],[-73.92663,40.81612]]]]}},{"type":"Feature","id":169,"properties":{},"geometry":{"type":"Polygon","coordinates":[[[-73.89817,40.85515],[-73.89864,40.85391],[-73.8971,40.85517],[-73.89561,40.85457],[-73.90134,40.84443],[-73.90483,40.8448],[-73.90502,40.8424],[-73.91046,40.84279],[-73.9169,40.84512],[-73.91416,40.84518],[-73.90557,40.85579],[-73.90186,40.85459],[-73.90078,40.85605],[-73.89817,40.85515]]]}},{"type":"Feature","id":170,"properties":{},"geometry":{"type":"Polygon","coordinates":[[[-73.97122,40.74692],[-73.97351,40.74378],[-73.97812,40.74573],[-73.98086,40.74197],[-73.98407,40.74332],[-73.98085,40.74775],[-73.98408,40.7491],[-73.98089,40.75348],[-73.97445,40.75077],[-73.97583,40.74886],[-73.97122,40.74692]]]}},{"type":"Feature","id":171,"properties":{},"geometry":{"type":"Polygon","coordinates":[[[-73.79318,40.7704],[-73.79396,40.7647],[-73.79303,40.76462],[-73.79344,40.76076],[-73.79076,40.76099],[-73.79032,40.75782],[-73.79493,40.7578],[-73.8003,40.7597],[-73.81105,40.76142],[-73.82064,40.75887],[-73.82348,40.76465],[-73.82467,40.77041],[-73.82656,40.77014],[-73.82625,40.77452],[-73.82583,40.77592],[-73.82433,40.77674],[-73.82331,40.77958],[-73.81453,40.77889],[-73.81486,40.77649],[-73.79853,40.77519],[-73.79318,40.7704]]]}},{"type":"Feature","id":172,"properties":{},"geometry":{"type":"Polygon","coordinates":[[[-74.08496,40.57126],[-74.08691,40.56899],[-74.08622,40.56853],[-74.08725,40.56908],[-74.08925,40.56702],[-74.09055,40.56708],[-74.09407,40.56273],[-74.09542,40.56315],[-74.09661,40.56209],[-74.0982,40.55984],[-74.09782,40.55905],[-74.09876,40.55942],[-74.09938,40.55896],[-74.11376,40.5665],[-74.11636,40.56392],[-74.1249,40.56895],[-74.1215,40.57172],[-74.12154,40.57515],[-74.10925,40.58268],[-74.10526,40.58592],[-74.09844,40.58124],[-74.10039,40.57969],[-74.08598,40.57224],[-74.08496,40.57126]]]}},{"type":"Feature","id":173,"properties":{},"geometry":{"type":"Polygon","coordinates":[[[-73.87366,40.7568],[-73.85437,40.75812],[-73.85313,40.75511],[-73.8558,40.75441],[-73.85456,40.75196],[-73.85583,40.75158],[-73.85443,40.74885],[-73.86791,40.74493],[-73.86853,40.74759],[-73.87366,40.7568]]]}},{"type":"Feature","id":174,"properties":{},"geometry":{"type":"Polygon","coordinates":[[[-73.87804,40.88712],[-73.87813,40.88215],[-73.87468,40.88156],[-73.87495,40.87995],[-73.87024,40.88023],[-73.87255,40.87518],[-73.87619,40.87048],[-73.88309,40.86659],[-73.88363,40.86726],[-73.88147,40.86857],[-73.88346,40.87606],[-73.88528,40.87922],[-73.88568,40.87887],[-73.88717,40.88258],[-73.88705,40.88435],[-73.88124,40.88271],[-73.87804,40.88712]]]}},{"type":"Feature","id":175,"properties":{},"geometry":{"type":"Polygon","coordinates":[[[-73.758,40.76038],[-73.75584,40.75774],[-73.75512,40.75848],[-73.75321,40.75824],[-73.7523,40.75946],[-73.75058,40.75801],[-73.75005,40.7584],[-73.74384,40.74769],[-73.74626,40.74671],[-73.74478,40.74328],[-73.74888,40.74329],[-73.75347,40.7424],[-73.75098,40.74002],[-73.74396,40.74079],[-73.74307,40.73844],[-73.74017,40.73848],[-73.75048,40.72922],[-73.7567,40.72623],[-73.76234,40.72954],[-73.76564,40.73253],[-73.7637,40.73286],[-73.76511,40.73456],[-73.76273,40.73526],[-73.76249,40.73673],[-73.76557,40.74326],[-73.76773,40.74578],[-73.75684,40.74932],[-73.76184,40.75554],[-73.7624,40.7595],[-73.758,40.76038]]]}},{"type":"Feature","id":176,"properties":{},"geometry":{"type":"Polygon","coordinates":[[[-74.12187,40.57511],[-74.1215,40.57172],[-74.1249,40.56895],[-74.11636,40.56392],[-74.11376,40.5665],[-74.09993,40.55907],[-74.1016,40.5568],[-74.10141,40.55554],[-74.1031,40.5559],[-74.10484,40.55303],[-74.10655,40.55417],[-74.10769,40.55398],[-74.11301,40.54778],[-74.11496,40.54958],[-74.11656,40.54913],[-74.11946,40.55222],[-74.1273,40.5573],[-74.13321,40.55238],[-74.13885,40.55695],[-74.13561,40.55898],[-74.1317,40.56454],[-74.13527,40.56552],[-74.14439,40.56971],[-74.14419,40.57204],[-74.13261,40.57353],[-74.12765,40.57523],[-74.12709,40.57637],[-74.12187,40.57511]]]}},{"type":"Feature","id":177,"properties":{},"geometry":{"type":"Polygon","coordinates":[[[-73.91805,40.68721],[-73.90005,40.67689],[-73.92275,40.6671],[-73.92165,40.67887],[-73.9163,40.67858],[-73.91805,40.68721]]]}},{"type":"Feature","id":178,"properties":{},"geometry":{"type":"Polygon","coordinates":[[[-73.97092,40.62657],[-73.97047,40.62417],[-73.9691,40.62433],[-73.96865,40.62194],[-73.96472,40.62237],[-73.96286,40.61255],[-73.96478,40.61233],[-73.9643,40.60978],[-73.97403,40.6087],[-73.97517,40.61472],[-73.9729,40.61415],[-73.97336,40.61654],[-73.97548,40.61631],[-73.97537,40.61575],[-73.97785,40.61729],[-73.97539,40.62077],[-73.97705,40.62153],[-73.97726,40.62585],[-73.97092,40.62657]]]}},{"type":"Feature","id":179,"properties":{},"geometry":{"type":"Polygon","coordinates":[[[-73.93508,40.77794],[-73.93179,40.77787],[-73.92988,40.77622],[-73.92782,40.7767],[-73.9177,40.77039],[-73.91996,40.76844],[-73.91849,40.76773],[-73.91978,40.76615],[-73.92219,40.76727],[-73.92425,40.76472],[-73.93344,40.76882],[-73.93494,40.76701],[-73.93618,40.76769],[-73.93425,40.77103],[-73.93747,40.77253],[-73.93765,40.77509],[-73.93508,40.77794]]]}},{"type":"Feature","id":180,"properties":{},"geometry":{"type":"Polygon","coordinates":[[[-73.8412,40.68335],[-73.83794,40.67679],[-73.83335,40.66677],[-73.84216,40.6687],[-73.84244,40.66929],[-73.86132,40.67502],[-73.86235,40.67916],[-73.86329,40.67908],[-73.85879,40.68063],[-73.8582,40.67943],[-73.85099,40.68057],[-73.85198,40.68256],[-73.84787,40.68149],[-73.8412,40.68335]]]}},{"type":"Feature","id":181,"properties":{},"geometry":{"type":"Polygon","coordinates":[[[-73.97041,40.67259],[-73.97965,40.66124],[-73.98223,40.66214],[-73.98509,40.65901],[-73.98725,40.66038],[-73.98872,40.6624],[-73.99064,40.66058],[-73.99693,40.66437],[-73.9949,40.66679],[-73.99277,40.66551],[-73.9839,40.67615],[-73.97804,40.68486],[-73.9771,40.68387],[-73.97376,40.68303],[-73.97618,40.67806],[-73.9695,40.67591],[-73.96872,40.67392],[-73.96892,40.67294],[-73.97041,40.67259]]]}},{"type":"Feature","id":182,"properties":{},"geometry":{"type":"Polygon","coordinates":[[[-73.85168,40.8342],[-73.86271,40.83299],[-73.86448,40.84109],[-73.85334,40.84247],[-73.85168,40.8342]]]}},{"type":"Feature","id":183,"properties":{},"geometry":{"type":"Polygon","coordinates":[[[-73.83677,40.84339],[-73.83464,40.85382],[-73.83228,40.85518],[-73.8286,40.85572],[-73.82722,40.85325],[-73.828,40.84862],[-73.82611,40.84534],[-73.83043,40.84386],[-73.83677,40.84339]]]}},{"type":"Feature","id":184,"properties":{},"geometry":{"type":"MultiPolygon","coordinates":[[[[-73.76669,40.8671],[-73.7671,40.8667],[-73.76779,40.86678],[-73.7676,40.8675],[-73.76669,40.8671]]],[[[-73.77007,40.86553],[-73.76979,40.86513],[-73.77023,40.86514],[-73.77007,40.86553]]],[[[-73.77218,40.87198],[-73.76991,40.87048],[-73.77288,40.87125],[-73.77218,40.87198]]],[[[-73.7729,40.86121],[-73.77323,40.86075],[-73.77311,40.86161],[-73.7729,40.86121]]],[[[-73.77403,40.87439],[-73.77454,40.87471],[-73.7741,40.8749],[-73.77403,40.87439]]],[[[-73.77527,40.86145],[-73.77463,40.86182],[-73.77523,40.86119],[-73.77527,40.86145]]],[[[-73.78113,40.87665],[-73.78121,40.87629],[-73.78133,40.87636],[-73.78113,40.87665]]],[[[-73.78248,40.87517],[-73.78266,40.87479],[-73.7828,40.87495],[-73.78248,40.87517]]],[[[-73.78328,40.86278],[-73.78288,40.86241],[-73.78315,40.86207],[-73.78328,40.86278]]],[[[-73.81443,40.88677],[-73.80551,40.88609],[-73.79323,40.88282],[-73.79492,40.88054],[-73.79555,40.88069],[-73.79503,40.87975],[-73.79744,40.87514],[-73.79981,40.87416],[-73.80087,40.87159],[-73.80252,40.87051],[-73.80339,40.87251],[-73.80432,40.87116],[-73.80358,40.86995],[-73.80283,40.87008],[-73.80302,40.86916],[-73.80588,40.86907],[-73.80574,40.86969],[-73.80842,40.87119],[-73.80673,40.86877],[-73.80487,40.86823],[-73.80465,40.86665],[-73.803,40.86704],[-73.80306,40.86582],[-73.80226,40.86561],[-73.7978,40.87226],[-73.79479,40.8732],[-73.79317,40.87706],[-73.7944,40.87764],[-73.79385,40.87859],[-73.78956,40.88126],[-73.78952,40.879],[-73.78588,40.87907],[-73.78438,40.87842],[-73.78471,40.87636],[-73.78719,40.87273],[-73.78625,40.87238],[-73.78508,40.87359],[-73.78526,40.87175],[-73.78359,40.87378],[-73.78404,40.87283],[-73.78307,40.87215],[-73.7832,40.87067],[-73.7849,40.86976],[-73.7856,40.86834],[-73.78599,40.86959],[-73.78795,40.86985],[-73.79139,40.86814],[-73.79265,40.86414],[-73.79147,40.86221],[-73.7919,40.86083],[-73.79351,40.86055],[-73.79455,40.85889],[-73.79435,40.85653],[-73.79685,40.85626],[-73.79799,40.85485],[-73.79872,40.85491],[-73.79902,40.85396],[-73.79781,40.85195],[-73.8004,40.84811],[-73.80418,40.85334],[-73.80453,40.85485],[-73.80352,40.85556],[-73.80478,40.86155],[-73.80593,40.86194],[-73.80612,40.85981],[-73.80783,40.86032],[-73.80768,40.85854],[-73.81089,40.86235],[-73.81411,40.86373],[-73.81641,40.86118],[-73.81382,40.86055],[-73.81273,40.85888],[-73.81231,40.85416],[-73.81658,40.85395],[-73.81712,40.85127],[-73.81572,40.85082],[-73.81625,40.85019],[-73.81507,40.84913],[-73.82014,40.84802],[-73.82048,40.8485],[-73.82496,40.84611],[-73.82518,40.8427],[-73.82624,40.84299],[-73.82617,40.84557],[-73.828,40.84862],[-73.82713,40.85187],[-73.82801,40.85472],[-73.8286,40.85572],[-73.83129,40.85543],[-73.83284,40.85604],[-73.82834,40.86089],[-73.827,40.85909],[-73.82038,40.86103],[-73.81579,40.86576],[-73.82127,40.86907],[-73.8233,40.8731],[-73.81993,40.88212],[-73.82027,40.88555],[-73.81443,40.88677]]],[[[-73.78429,40.86321],[-73.78377,40.86261],[-73.78469,40.86254],[-73.78429,40.86321]]],[[[-73.78651,40.88094],[-73.78578,40.88036],[-73.78685,40.88045],[-73.78727,40.87968],[-73.78743,40.88045],[-73.78651,40.88094]]],[[[-73.78619,40.87389],[-73.78619,40.8736],[-73.78633,40.87368],[-73.78619,40.87389]]],[[[-73.78626,40.87339],[-73.78673,40.87307],[-73.7865,40.87348],[-73.78626,40.87339]]],[[[-73.80222,40.84163],[-73.80264,40.84108],[-73.80695,40.84146],[-73.80681,40.84249],[-73.80393,40.84259],[-73.80222,40.84163]]]]}},{"type":"Feature","id":185,"properties":{},"geometry":{"type":"Polygon","coordinates":[[[-73.84005,40.85781],[-73.835,40.85657],[-73.8405,40.85418],[-73.84494,40.84822],[-73.84431,40.85119],[-73.84969,40.85106],[-73.85305,40.84955],[-73.85457,40.85151],[-73.86251,40.84836],[-73.86304,40.85061],[-73.86519,40.85016],[-73.86861,40.85207],[-73.8699,40.85577],[-73.86819,40.85806],[-73.84931,40.85872],[-73.84005,40.85781]]]}},{"type":"Feature","id":186,"properties":{},"geometry":{"type":"Polygon","coordinates":[[[-73.98777,40.74979],[-73.99142,40.7448],[-73.9971,40.74721],[-73.99346,40.75219],[-73.98777,40.74979]]]}},{"type":"Feature","id":187,"properties":{},"geometry":{"type":"MultiPolygon","coordinates":[[[[-74.12108,40.64161],[-74.12118,40.64138],[-74.12121,40.6414],[-74.12108,40.64161]]],[[[-74.12117,40.64167],[-74.12128,40.64143],[-74.12131,40.64145],[-74.12117,40.64167]]],[[[-74.12131,40.6416],[-74.12137,40.64148],[-74.12133,40.64161],[-74.12131,40.6416]]],[[[-74.12178,40.64159],[-74.12176,40.64157],[-74.12176,40.64142],[-74.12178,40.64159]]],[[[-74.12199,40.64155],[-74.12181,40.64141],[-74.12184,40.64141],[-74.12199,40.64155]]],[[[-74.12271,40.64143],[-74.12272,40.64135],[-74.12276,40.64143],[-74.12271,40.64143]]],[[[-74.12564,40.64142],[-74.126,40.64023],[-74.12637,40.64133],[-74.12564,40.64142]]],[[[-74.13435,40.64189],[-74.13126,40.6416],[-74.13018,40.64072],[-74.12949,40.64135],[-74.12998,40.64073],[-74.12931,40.64034],[-74.12891,40.64119],[-74.12881,40.64023],[-74.12724,40.63977],[-74.12689,40.63721],[-74.12867,40.63735],[-74.13047,40.63089],[-74.13107,40.63115],[-74.13344,40.62907],[-74.13409,40.62954],[-74.13586,40.62806],[-74.13674,40.62866],[-74.13806,40.62757],[-74.13581,40.62506],[-74.13826,40.62424],[-74.13982,40.6163],[-74.14604,40.61701],[-74.14697,40.61015],[-74.15019,40.6095],[-74.15379,40.61226],[-74.15231,40.61716],[-74.14773,40.62214],[-74.14623,40.62493],[-74.14554,40.62783],[-74.14622,40.62911],[-74.14753,40.62939],[-74.14478,40.63795],[-74.1423,40.64031],[-74.13435,40.64189]]]]}},{"type":"Feature","id":188,"properties":{},"geometry":{"type":"Polygon","coordinates":[[[-73.95729,40.6643],[-73.95721,40.66352],[-73.9427,40.66406],[-73.94283,40.66285],[-73.93068,40.66362],[-73.92646,40.65981],[-73.92726,40.65934],[-73.92834,40.66006],[-73.92799,40.6568],[-73.95007,40.65542],[-73.94957,40.65081],[-73.95871,40.65039],[-73.95986,40.65563],[-73.9619,40.65487],[-73.96308,40.66213],[-73.96243,40.66313],[-73.96062,40.6633],[-73.96034,40.66411],[-73.95729,40.6643]]]}},{"type":"Feature","id":189,"properties":{},"geometry":{"type":"Polygon","coordinates":[[[-73.96007,40.67488],[-73.96132,40.67141],[-73.96892,40.67294],[-73.9695,40.67591],[-73.97618,40.67806],[-73.97376,40.68303],[-73.96135,40.68046],[-73.96318,40.67553],[-73.96007,40.67488]]]}},{"type":"Feature","id":190,"properties":{},"geometry":{"type":"Polygon","coordinates":[[[-73.96308,40.66213],[-73.9619,40.65487],[-73.96621,40.65319],[-73.96465,40.65089],[-73.9714,40.64826],[-73.97437,40.65819],[-73.98023,40.66105],[-73.97041,40.67259],[-73.96794,40.673],[-73.96259,40.67171],[-73.96096,40.66329],[-73.96243,40.66313],[-73.96308,40.66213]]]}},{"type":"Feature","id":191,"properties":{},"geometry":{"type":"Polygon","coordinates":[[[-73.73147,40.72741],[-73.72991,40.72327],[-73.72836,40.72361],[-73.72816,40.72308],[-73.73033,40.72216],[-73.72697,40.71071],[-73.72678,40.70306],[-73.73426,40.70322],[-73.7343,40.70248],[-73.74078,40.70268],[-73.7405,40.70343],[-73.74109,40.70348],[-73.74591,40.70229],[-73.745,40.70026],[-73.74773,40.69955],[-73.74618,40.69612],[-73.74863,40.69544],[-73.75019,40.69891],[-73.74931,40.69914],[-73.75205,40.70523],[-73.75047,40.70564],[-73.75371,40.71332],[-73.75726,40.71814],[-73.75233,40.72026],[-73.75577,40.72364],[-73.75509,40.72449],[-73.7567,40.72623],[-73.75184,40.72833],[-73.74672,40.73248],[-73.74556,40.73064],[-73.73147,40.72741]]]}},{"type":"Feature","id":192,"properties":{},"geometry":{"type":"Polygon","coordinates":[[[-73.82426,40.75183],[-73.82108,40.74856],[-73.81537,40.74722],[-73.81416,40.74614],[-73.80751,40.75014],[-73.80288,40.74977],[-73.80335,40.74643],[-73.79468,40.74721],[-73.79454,40.74451],[-73.79723,40.7417],[-73.7964,40.73828],[-73.81505,40.73894],[-73.81678,40.73838],[-73.82435,40.73975],[-73.82794,40.73849],[-73.82809,40.73708],[-73.82947,40.73702],[-73.83143,40.73914],[-73.83113,40.74234],[-73.83586,40.74323],[-73.83469,40.7469],[-73.83125,40.74811],[-73.83082,40.749],[-73.82752,40.74987],[-73.82584,40.74935],[-73.82577,40.75097],[-73.82426,40.75183]]]}},{"type":"Feature","id":193,"properties":{},"geometry":{"type":"Polygon","coordinates":[[[-73.93425,40.77103],[-73.93593,40.76778],[-73.93859,40.76682],[-73.93601,40.76588],[-73.937,40.76424],[-73.93398,40.76283],[-73.94405,40.75231],[-73.95081,40.75526],[-73.94131,40.76692],[-73.93524,40.76968],[-73.9349,40.77127],[-73.93425,40.77103]]]}},{"type":"Feature","id":194,"properties":{},"geometry":{"type":"Polygon","coordinates":[[[-73.9164,40.79768],[-73.91378,40.79384],[-73.91685,40.79036],[-73.91856,40.7897],[-73.92219,40.78551],[-73.92306,40.78334],[-73.9281,40.78092],[-73.93105,40.7824],[-73.93502,40.78301],[-73.93607,40.78422],[-73.93571,40.78568],[-73.93241,40.78972],[-73.92972,40.79137],[-73.92807,40.79082],[-73.9261,40.79073],[-73.92616,40.79172],[-73.92657,40.79186],[-73.92561,40.7919],[-73.92674,40.79193],[-73.92657,40.79098],[-73.92787,40.79095],[-73.92714,40.79193],[-73.92827,40.79233],[-73.92832,40.79309],[-73.92694,40.7955],[-73.92726,40.79892],[-73.9257,40.80181],[-73.92263,40.80187],[-73.92031,40.79938],[-73.9164,40.79768]]]}},{"type":"Feature","id":195,"properties":{},"geometry":{"type":"Polygon","coordinates":[[[-74.00717,40.68636],[-74.00485,40.68567],[-74.00596,40.68336],[-73.99862,40.67183],[-74.0003,40.66872],[-74.00222,40.66858],[-74.00289,40.66735],[-74.00586,40.66799],[-74.00683,40.66605],[-74.00697,40.66605],[-74.00475,40.67072],[-74.00544,40.67092],[-74.00755,40.66705],[-74.00709,40.66859],[-74.00985,40.66852],[-74.01154,40.66509],[-74.01575,40.66457],[-74.0169,40.66485],[-74.01789,40.66585],[-74.01934,40.67162],[-74.01751,40.67103],[-74.01649,40.66493],[-74.01594,40.66547],[-74.01228,40.66573],[-74.01034,40.66908],[-74.01163,40.67058],[-74.01425,40.66973],[-74.01175,40.67066],[-74.01427,40.67138],[-74.0152,40.67075],[-74.01423,40.67213],[-74.01569,40.67104],[-74.01298,40.67333],[-74.01512,40.67216],[-74.01632,40.67291],[-74.01496,40.67468],[-74.01817,40.67194],[-74.0188,40.67225],[-74.01727,40.67361],[-74.01801,40.67391],[-74.01783,40.67526],[-74.01886,40.6751],[-74.01791,40.67651],[-74.01995,40.6771],[-74.01843,40.67791],[-74.01841,40.67841],[-74.01966,40.67839],[-74.01825,40.67855],[-74.01954,40.67897],[-74.01928,40.67965],[-74.01282,40.68362],[-74.01213,40.68291],[-74.01411,40.68171],[-74.01302,40.68041],[-74.00967,40.68327],[-74.01077,40.68436],[-74.01193,40.68389],[-74.00717,40.68636]]]}},{"type":"Feature","id":196,"properties":{},"geometry":{"type":"Polygon","coordinates":[[[-73.85763,40.72861],[-73.85942,40.72646],[-73.85727,40.72568],[-73.85805,40.72445],[-73.86204,40.72596],[-73.85868,40.72261],[-73.85729,40.71147],[-73.85976,40.71185],[-73.86004,40.71493],[-73.86929,40.72444],[-73.87146,40.72933],[-73.87509,40.73067],[-73.85887,40.73594],[-73.85626,40.73096],[-73.85851,40.73029],[-73.85763,40.72861]]]}},{"type":"Feature","id":197,"properties":{},"geometry":{"type":"Polygon","coordinates":[[[-73.83696,40.70421],[-73.83662,40.70342],[-73.8346,40.70393],[-73.83392,40.70235],[-73.83213,40.70279],[-73.83152,40.70139],[-73.82246,40.70366],[-73.81638,40.70245],[-73.81063,40.69195],[-73.82501,40.68795],[-73.82599,40.68995],[-73.82851,40.68924],[-73.82753,40.68724],[-73.83808,40.68424],[-73.83697,40.68199],[-73.84013,40.68115],[-73.84948,40.6982],[-73.84502,40.69936],[-73.83696,40.70421]]]}},{"type":"Feature","id":198,"properties":{},"geometry":{"type":"Polygon","coordinates":[[[-73.90966,40.71779],[-73.90639,40.71736],[-73.90538,40.71288],[-73.88508,40.71216],[-73.88006,40.71265],[-73.87761,40.70717],[-73.88912,40.7056],[-73.895,40.69971],[-73.89558,40.69713],[-73.89838,40.69614],[-73.90123,40.69144],[-73.9058,40.69413],[-73.90426,40.6957],[-73.91181,40.69994],[-73.91068,40.70105],[-73.9129,40.70236],[-73.91181,40.70343],[-73.92189,40.7094],[-73.92075,40.71053],[-73.92223,40.71285],[-73.92404,40.71401],[-73.91078,40.71319],[-73.91016,40.71382],[-73.91283,40.71536],[-73.90966,40.71779]]]}},{"type":"Feature","id":199,"properties":{},"geometry":{"type":"Polygon","coordinates":[[[-73.88885,40.79871],[-73.88665,40.79804],[-73.88372,40.79569],[-73.87798,40.79436],[-73.87222,40.79104],[-73.87079,40.788],[-73.87163,40.7868],[-73.87343,40.78576],[-73.87831,40.78536],[-73.88905,40.78737],[-73.8903,40.78988],[-73.89213,40.79032],[-73.89282,40.79282],[-73.89179,40.79678],[-73.8908,40.79802],[-73.88835,40.79814],[-73.88885,40.79871]]]}},{"type":"Feature","id":200,"properties":{},"geometry":{"type":"Polygon","coordinates":[[[-73.89663,40.91142],[-73.89716,40.89937],[-73.89643,40.89366],[-73.89788,40.89028],[-73.9009,40.88891],[-73.90286,40.88916],[-73.90414,40.88708],[-73.90739,40.88782],[-73.90901,40.8895],[-73.90976,40.88925],[-73.91173,40.88822],[-73.91489,40.88462],[-73.91876,40.88557],[-73.9187,40.88689],[-73.92059,40.88718],[-73.91033,40.91553],[-73.89663,40.91142]]]}},{"type":"Feature","id":201,"properties":{},"geometry":{"type":"Polygon","coordinates":[[[-73.81913,40.58804],[-73.81788,40.58745],[-73.81545,40.58337],[-73.81751,40.58279],[-73.81731,40.58233],[-73.83387,40.57765],[-73.86287,40.56683],[-73.86663,40.57306],[-73.86361,40.57382],[-73.86397,40.57503],[-73.86288,40.57606],[-73.85306,40.58126],[-73.85044,40.58213],[-73.84521,40.58158],[-73.8393,40.58186],[-73.83855,40.58279],[-73.83584,40.58288],[-73.82852,40.58485],[-73.82804,40.58605],[-73.8248,40.58715],[-73.82294,40.58749],[-73.82146,40.58677],[-73.81913,40.58804]]]}},{"type":"Feature","id":202,"properties":{},"geometry":{"type":"Polygon","coordinates":[[[-73.94028,40.77067],[-73.95254,40.7571],[-73.96158,40.74941],[-73.95902,40.7536],[-73.94472,40.76979],[-73.94018,40.77296],[-73.94028,40.77067]]]}},{"type":"Feature","id":203,"properties":{},"geometry":{"type":"Polygon","coordinates":[[[-73.72754,40.67393],[-73.72833,40.66304],[-73.72593,40.65773],[-73.72523,40.652],[-73.73051,40.65031],[-73.73514,40.64973],[-73.74144,40.64689],[-73.74205,40.64147],[-73.74142,40.6405],[-73.74227,40.64012],[-73.73947,40.63571],[-73.73996,40.63514],[-73.74221,40.63502],[-73.74259,40.63545],[-73.74096,40.6373],[-73.74189,40.63812],[-73.74397,40.63788],[-73.74365,40.63899],[-73.7448,40.63708],[-73.74679,40.63678],[-73.74527,40.63792],[-73.74533,40.63837],[-73.74704,40.63693],[-73.74631,40.64139],[-73.74878,40.64512],[-73.74945,40.64493],[-73.75428,40.64789],[-73.7546,40.6472],[-73.75522,40.64744],[-73.75411,40.6487],[-73.76406,40.65436],[-73.76319,40.6559],[-73.76184,40.65654],[-73.76166,40.65824],[-73.75681,40.65709],[-73.74867,40.65268],[-73.74333,40.65254],[-73.74329,40.65613],[-73.74487,40.65614],[-73.74506,40.65741],[-73.74853,40.65758],[-73.74733,40.65912],[-73.74679,40.65891],[-73.74685,40.6608],[-73.74282,40.66531],[-73.73955,40.66526],[-73.73891,40.66595],[-73.73856,40.6664],[-73.74118,40.6664],[-73.72718,40.6836],[-73.72586,40.68324],[-73.72563,40.67959],[-73.72754,40.67393]]]}},{"type":"Feature","id":204,"properties":{},"geometry":{"type":"Polygon","coordinates":[[[-74.20326,40.55563],[-74.19174,40.53192],[-74.1991,40.5283],[-74.20153,40.52627],[-74.21567,40.52396],[-74.21574,40.52646],[-74.21801,40.5323],[-74.21777,40.54113],[-74.22132,40.55025],[-74.21778,40.55305],[-74.21784,40.55443],[-74.21051,40.55706],[-74.20585,40.5575],[-74.20326,40.55563]]]}},{"type":"Feature","id":205,"properties":{},"geometry":{"type":"Polygon","coordinates":[[[-73.76637,40.70256],[-73.76126,40.7036],[-73.76096,40.70291],[-73.75205,40.70523],[-73.74931,40.69914],[-73.75019,40.69891],[-73.74863,40.69544],[-73.74359,40.69622],[-73.75576,40.67589],[-73.75692,40.67653],[-73.76249,40.67419],[-73.76368,40.67475],[-73.7638,40.67377],[-73.7747,40.68049],[-73.7722,40.68161],[-73.77329,40.68345],[-73.77418,40.68324],[-73.777,40.68628],[-73.77967,40.68538],[-73.78149,40.6887],[-73.78234,40.68841],[-73.78327,40.68999],[-73.78078,40.69103],[-73.77977,40.68928],[-73.77789,40.68992],[-73.78024,40.69297],[-73.77784,40.69432],[-73.77396,40.69981],[-73.77231,40.70057],[-73.77559,40.70533],[-73.7749,40.70707],[-73.76845,40.70964],[-73.76637,40.70256]]]}},{"type":"Feature","id":206,"properties":{},"geometry":{"type":"Polygon","coordinates":[[[-74.08571,40.64888],[-74.079,40.64814],[-74.07445,40.64507],[-74.07359,40.645],[-74.07386,40.64542],[-74.07334,40.64578],[-74.07369,40.64531],[-74.0727,40.64444],[-74.07166,40.64503],[-74.07229,40.64427],[-74.07094,40.64335],[-74.07211,40.64246],[-74.07033,40.64253],[-74.07314,40.64185],[-74.07019,40.64201],[-74.07309,40.64164],[-74.07289,40.64092],[-74.06998,40.64107],[-74.07285,40.6408],[-74.07258,40.63794],[-74.07684,40.63775],[-74.07865,40.6383],[-74.08373,40.63574],[-74.08588,40.63669],[-74.08691,40.63586],[-74.08871,40.63685],[-74.0897,40.63568],[-74.09091,40.63549],[-74.09243,40.63558],[-74.09339,40.6366],[-74.09409,40.63927],[-74.09767,40.63896],[-74.09788,40.64036],[-74.10975,40.63787],[-74.115,40.63729],[-74.11519,40.63835],[-74.11766,40.63806],[-74.11614,40.6287],[-74.11326,40.62305],[-74.11791,40.62488],[-74.12126,40.62782],[-74.13131,40.62633],[-74.12867,40.63735],[-74.12689,40.63721],[-74.12705,40.64024],[-74.12416,40.64013],[-74.12257,40.64062],[-74.1227,40.64135],[-74.11993,40.6412],[-74.11996,40.64221],[-74.1191,40.64147],[-74.1194,40.64238],[-74.11862,40.64153],[-74.11884,40.64254],[-74.1184,40.64153],[-74.11805,40.64216],[-74.11717,40.64162],[-74.11722,40.64303],[-74.11667,40.64211],[-74.11667,40.64319],[-74.11614,40.64222],[-74.11623,40.64331],[-74.11535,40.64247],[-74.11395,40.64414],[-74.11289,40.64453],[-74.11389,40.64399],[-74.11333,40.64372],[-74.10974,40.64546],[-74.10412,40.64574],[-74.0988,40.64505],[-74.09299,40.64597],[-74.08571,40.64888]]]}},{"type":"Feature","id":207,"properties":{},"geometry":{"type":"Polygon","coordinates":[[[-73.90138,40.75964],[-73.90357,40.76578],[-73.90218,40.76732],[-73.8935,40.76595],[-73.89866,40.75992],[-73.90138,40.75964]]]}},{"type":"Feature","id":208,"properties":{},"geometry":{"type":"MultiPolygon","coordinates":[[[[-73.82611,40.84534],[-73.8254,40.83566],[-73.82601,40.83402],[-73.82516,40.83461],[-73.82463,40.83386],[-73.81553,40.83598],[-73.81601,40.83398],[-73.81476,40.83082],[-73.8139,40.83091],[-73.81451,40.83061],[-73.81275,40.82825],[-73.80993,40.82818],[-73.8126,40.82784],[-73.81385,40.8268],[-73.81292,40.82635],[-73.81399,40.82607],[-73.8138,40.8253],[-73.81211,40.82555],[-73.81393,40.82414],[-73.81327,40.82397],[-73.81275,40.82478],[-73.81177,40.82434],[-73.80909,40.82587],[-73.80698,40.82539],[-73.80599,40.82082],[-73.80462,40.81903],[-73.80348,40.81828],[-73.80071,40.81805],[-73.79759,40.81651],[-73.79738,40.81576],[-73.79903,40.81554],[-73.80175,40.81287],[-73.80134,40.81239],[-73.80176,40.81286],[-73.80305,40.81245],[-73.80511,40.81564],[-73.80657,40.81661],[-73.80508,40.8152],[-73.80455,40.81463],[-73.80466,40.81454],[-73.80705,40.81653],[-73.80532,40.81478],[-73.80505,40.81289],[-73.80224,40.8102],[-73.80101,40.81071],[-73.80147,40.81014],[-73.79854,40.80959],[-73.79229,40.80685],[-73.79086,40.80734],[-73.79006,40.80541],[-73.79104,40.80426],[-73.79339,40.8042],[-73.79578,40.80616],[-73.80195,40.809],[-73.80393,40.80853],[-73.80992,40.81293],[-73.81389,40.81359],[-73.8145,40.81291],[-73.81448,40.81352],[-73.8162,40.81385],[-73.82056,40.81302],[-73.82024,40.81243],[-73.82107,40.8122],[-73.82032,40.81244],[-73.82113,40.81245],[-73.82059,40.81302],[-73.82406,40.81217],[-73.82481,40.81144],[-73.82524,40.81176],[-73.82488,40.81127],[-73.82565,40.81159],[-73.82536,40.81103],[-73.82567,40.81158],[-73.82554,40.81102],[-73.82581,40.81153],[-73.83018,40.81083],[-73.83217,40.8085],[-73.83162,40.80494],[-73.83744,40.8062],[-73.84043,40.81254],[-73.83974,40.81641],[-73.83696,40.81634],[-73.83614,40.8192],[-73.83662,40.82711],[-73.83709,40.82897],[-73.84228,40.82865],[-73.84233,40.82907],[-73.84189,40.83071],[-73.83885,40.83369],[-73.83957,40.84055],[-73.83771,40.84041],[-73.83689,40.84337],[-73.83043,40.84386],[-73.82611,40.84534]]],[[[-73.83959,40.83456],[-73.83961,40.83561],[-73.83948,40.83457],[-73.83959,40.83456]]],[[[-73.8396,40.83567],[-73.83963,40.8357],[-73.83961,40.83571],[-73.8396,40.83567]]]]}},{"type":"Feature","id":209,"properties":{},"geometry":{"type":"Polygon","coordinates":[[[-74.005,40.71201],[-73.99919,40.70795],[-74.00119,40.70686],[-74.00058,40.70543],[-74.00144,40.70487],[-74.00506,40.70879],[-74.00906,40.71089],[-74.005,40.71201]]]}},{"type":"Feature","id":210,"properties":{},"geometry":{"type":"Polygon","coordinates":[[[-73.92957,40.59682],[-73.91806,40.58644],[-73.92091,40.58559],[-73.9252,40.58581],[-73.92721,40.58772],[-73.92768,40.58736],[-73.92736,40.58802],[-73.92792,40.58755],[-73.92808,40.5877],[-73.9274,40.58821],[-73.9279,40.58795],[-73.92802,40.58807],[-73.92395,40.59114],[-73.92863,40.58857],[-73.92844,40.58903],[-73.92913,40.58888],[-73.92885,40.58923],[-73.92977,40.58929],[-73.93003,40.58943],[-73.93058,40.58989],[-73.9301,40.58961],[-73.93073,40.59109],[-73.92971,40.59312],[-73.93002,40.59409],[-73.93008,40.5936],[-73.93043,40.5944],[-73.93176,40.59428],[-73.93078,40.5945],[-73.9326,40.59493],[-73.93101,40.59193],[-73.93121,40.58953],[-73.93009,40.58899],[-73.9304,40.58847],[-73.92973,40.58861],[-73.93039,40.58844],[-73.92972,40.58756],[-73.93135,40.58733],[-73.93125,40.58685],[-73.92857,40.58706],[-73.92816,40.58586],[-73.92752,40.5864],[-73.92553,40.58498],[-73.93445,40.58665],[-73.94866,40.58489],[-73.95388,40.58572],[-73.96026,40.58503],[-73.96035,40.58731],[-73.95619,40.58776],[-73.95693,40.59661],[-73.94248,40.5982],[-73.94289,40.60032],[-73.93447,40.60123],[-73.93503,40.60173],[-73.93355,40.60269],[-73.92813,40.59778],[-73.92957,40.59682]]]}},{"type":"Feature","id":211,"properties":{},"geometry":{"type":"Polygon","coordinates":[[[-73.99677,40.72543],[-74.00188,40.7194],[-74.00539,40.72204],[-74.00373,40.72625],[-74.00215,40.72804],[-73.99677,40.72543]]]}},{"type":"Feature","id":212,"properties":{},"geometry":{"type":"Polygon","coordinates":[[[-73.88422,40.823],[-73.88461,40.82528],[-73.88378,40.82827],[-73.8773,40.82874],[-73.86085,40.83361],[-73.85739,40.8323],[-73.85615,40.82677],[-73.88422,40.823]]]}},{"type":"Feature","id":213,"properties":{},"geometry":{"type":"MultiPolygon","coordinates":[[[[-73.83613,40.8235],[-73.83696,40.81634],[-73.84003,40.81682],[-73.83868,40.81959],[-73.83888,40.82214],[-73.84228,40.82865],[-73.83709,40.82897],[-73.83613,40.8235]]],[[[-73.8429,40.82857],[-73.84002,40.82219],[-73.84,40.81993],[-73.84199,40.81877],[-73.84617,40.81068],[-73.8472,40.81058],[-73.84821,40.81246],[-73.85114,40.8144],[-73.85291,40.8145],[-73.85337,40.81359],[-73.85538,40.81429],[-73.85347,40.81348],[-73.8512,40.81355],[-73.84903,40.81212],[-73.84997,40.80858],[-73.84876,40.80834],[-73.84952,40.80806],[-73.84749,40.80545],[-73.84865,40.8047],[-73.84998,40.80506],[-73.8502,40.80451],[-73.85661,40.8048],[-73.85867,40.80683],[-73.85895,40.81027],[-73.86013,40.80961],[-73.85936,40.80899],[-73.85939,40.80817],[-73.86065,40.80964],[-73.86766,40.81058],[-73.87078,40.81449],[-73.87806,40.81618],[-73.88245,40.81927],[-73.8844,40.82297],[-73.85636,40.82675],[-73.85514,40.82244],[-73.8429,40.82408],[-73.84391,40.82841],[-73.8429,40.82857]]]]}},{"type":"Feature","id":214,"properties":{},"geometry":{"type":"Polygon","coordinates":[[[-74.08588,40.59589],[-74.08377,40.59552],[-74.08173,40.59216],[-74.07847,40.5933],[-74.07888,40.59394],[-74.07044,40.59673],[-74.06728,40.59099],[-74.06436,40.58827],[-74.07021,40.58398],[-74.07145,40.58243],[-74.07066,40.58163],[-74.07178,40.58188],[-74.07499,40.57924],[-74.07336,40.57828],[-74.07508,40.57916],[-74.07535,40.57789],[-74.07602,40.57824],[-74.07926,40.57567],[-74.07868,40.57508],[-74.07934,40.57563],[-74.08018,40.57518],[-74.08496,40.57126],[-74.10039,40.57969],[-74.09844,40.58124],[-74.10526,40.58592],[-74.10088,40.59018],[-74.10083,40.59263],[-74.0998,40.59387],[-74.09375,40.59674],[-74.08984,40.60077],[-74.08219,40.60194],[-74.0813,40.59939],[-74.08533,40.59701],[-74.08588,40.59589]]]}},{"type":"Feature","id":215,"properties":{},"geometry":{"type":"Polygon","coordinates":[[[-73.78034,40.70541],[-73.77396,40.69981],[-73.77784,40.69432],[-73.78024,40.69297],[-73.77789,40.68992],[-73.77977,40.68928],[-73.78078,40.69103],[-73.79391,40.6863],[-73.79561,40.68866],[-73.79995,40.68683],[-73.79898,40.68486],[-73.80577,40.68293],[-73.81063,40.69195],[-73.8089,40.69256],[-73.80642,40.69087],[-73.79786,40.69799],[-73.79261,40.70043],[-73.79187,40.70137],[-73.79239,40.70217],[-73.78257,40.70542],[-73.78034,40.70541]]]}},{"type":"Feature","id":216,"properties":{},"geometry":{"type":"Polygon","coordinates":[[[-73.81063,40.69195],[-73.80143,40.67367],[-73.80118,40.6691],[-73.80203,40.66525],[-73.80845,40.66446],[-73.81177,40.66293],[-73.81497,40.66247],[-73.82687,40.6637],[-73.83271,40.66541],[-73.84013,40.68115],[-73.83697,40.68199],[-73.83808,40.68424],[-73.82753,40.68724],[-73.82851,40.68924],[-73.82599,40.68995],[-73.82501,40.68795],[-73.81063,40.69195]]]}},{"type":"Feature","id":217,"properties":{},"geometry":{"type":"Polygon","coordinates":[[[-73.9579,40.70843],[-73.94705,40.70366],[-73.95129,40.70092],[-73.95381,40.70318],[-73.95746,40.70082],[-73.95702,40.69897],[-73.96284,40.69804],[-73.96218,40.70022],[-73.96721,40.70426],[-73.96839,40.70683],[-73.96328,40.70773],[-73.95846,40.70725],[-73.9579,40.70843]]]}},{"type":"Feature","id":218,"properties":{},"geometry":{"type":"Polygon","coordinates":[[[-73.7747,40.68049],[-73.7638,40.67377],[-73.76368,40.67475],[-73.76249,40.67419],[-73.76031,40.67511],[-73.75857,40.67264],[-73.75636,40.67243],[-73.75763,40.66645],[-73.77342,40.66803],[-73.78941,40.66684],[-73.78809,40.67301],[-73.78574,40.67239],[-73.78376,40.67532],[-73.77723,40.67965],[-73.7747,40.68049]]]}},{"type":"Feature","id":219,"properties":{},"geometry":{"type":"Polygon","coordinates":[[[-73.76182,40.66688],[-73.73856,40.6664],[-73.73955,40.66526],[-73.74282,40.66531],[-73.74451,40.66382],[-73.74685,40.6608],[-73.74679,40.65891],[-73.74733,40.65912],[-73.74853,40.65758],[-73.74506,40.65741],[-73.74487,40.65614],[-73.74329,40.65613],[-73.74333,40.65254],[-73.74867,40.65268],[-73.75681,40.65709],[-73.76166,40.65824],[-73.76184,40.65654],[-73.76319,40.6559],[-73.76406,40.65436],[-73.77419,40.65986],[-73.78322,40.66317],[-73.80203,40.66525],[-73.80156,40.66675],[-73.78941,40.66684],[-73.77342,40.66803],[-73.76182,40.66688]]]}},{"type":"Feature","id":220,"properties":{},"geometry":{"type":"Polygon","coordinates":[[[-73.89835,40.89044],[-73.89973,40.88651],[-73.89662,40.88596],[-73.90369,40.8785],[-73.90608,40.87324],[-73.90746,40.87355],[-73.90682,40.87662],[-73.91033,40.87904],[-73.91149,40.87902],[-73.91579,40.87572],[-73.91776,40.87566],[-73.91978,40.87642],[-73.92274,40.87891],[-73.9249,40.87889],[-73.92059,40.88718],[-73.9187,40.88689],[-73.91876,40.88557],[-73.91489,40.88462],[-73.91173,40.88822],[-73.90901,40.8895],[-73.90739,40.88782],[-73.90414,40.88708],[-73.90286,40.88916],[-73.9009,40.88891],[-73.89835,40.89044]]]}},{"type":"Feature","id":221,"properties":{},"geometry":{"type":"Polygon","coordinates":[[[-74.07879,40.63827],[-74.07054,40.63747],[-74.07342,40.63689],[-74.07209,40.63665],[-74.07336,40.63654],[-74.07298,40.63031],[-74.06802,40.62879],[-74.07291,40.63],[-74.07226,40.62461],[-74.06976,40.62121],[-74.06649,40.6189],[-74.06596,40.61936],[-74.0662,40.61872],[-74.06545,40.6192],[-74.06668,40.61807],[-74.06426,40.61817],[-74.0651,40.61751],[-74.06391,40.61733],[-74.06433,40.61699],[-74.06131,40.61419],[-74.06034,40.6119],[-74.06,40.61278],[-74.06027,40.61182],[-74.05927,40.61149],[-74.05686,40.60806],[-74.06517,40.60421],[-74.06351,40.60215],[-74.074,40.60573],[-74.08155,40.60629],[-74.07503,40.61638],[-74.07141,40.61943],[-74.07117,40.6207],[-74.07254,40.62246],[-74.08,40.61855],[-74.08721,40.61331],[-74.08782,40.61509],[-74.08627,40.61783],[-74.08415,40.62627],[-74.08299,40.62735],[-74.08084,40.62738],[-74.07972,40.62895],[-74.08575,40.63396],[-74.08444,40.63541],[-74.07879,40.63827]]]}},{"type":"Feature","id":222,"properties":{},"geometry":{"type":"MultiPolygon","coordinates":[[[[-73.88221,40.65452],[-73.8761,40.64621],[-73.87458,40.64561],[-73.87842,40.63891],[-73.88048,40.64098],[-73.88007,40.642],[-73.88139,40.64235],[-73.88342,40.64452],[-73.88558,40.64404],[-73.88743,40.64594],[-73.88764,40.6478],[-73.89125,40.65003],[-73.89001,40.65115],[-73.88221,40.65452]]],[[[-73.8882,40.64714],[-73.88864,40.64708],[-73.88852,40.64736],[-73.8882,40.64714]]]]}},{"type":"Feature","id":223,"properties":{},"geometry":{"type":"Polygon","coordinates":[[[-73.90986,40.79095],[-73.90033,40.78901],[-73.89593,40.78565],[-73.89875,40.78278],[-73.90115,40.78271],[-73.90258,40.78029],[-73.90129,40.78186],[-73.89865,40.782],[-73.89438,40.78424],[-73.89606,40.78316],[-73.89477,40.78225],[-73.89542,40.78172],[-73.89536,40.78166],[-73.8946,40.78225],[-73.89535,40.78165],[-73.89528,40.78154],[-73.89416,40.78247],[-73.89306,40.78185],[-73.89231,40.78247],[-73.89275,40.78297],[-73.89165,40.78219],[-73.89301,40.7818],[-73.89165,40.78084],[-73.89254,40.77955],[-73.89167,40.77949],[-73.8912,40.77856],[-73.89251,40.77739],[-73.89142,40.77634],[-73.89183,40.77488],[-73.89034,40.77324],[-73.88945,40.77353],[-73.88771,40.76684],[-73.89089,40.76586],[-73.8935,40.76595],[-73.91759,40.7699],[-73.92398,40.77462],[-73.92303,40.77538],[-73.92376,40.77655],[-73.91797,40.78126],[-73.91996,40.78264],[-73.91717,40.78419],[-73.9126,40.78938],[-73.90986,40.79095]]]}},{"type":"Feature","id":224,"properties":{},"geometry":{"type":"Polygon","coordinates":[[[-73.9785,40.73679],[-73.97444,40.73532],[-73.97341,40.73128],[-73.97152,40.72935],[-73.97163,40.72663],[-73.98256,40.73135],[-73.9785,40.73679]]]}},{"type":"Feature","id":225,"properties":{},"geometry":{"type":"Polygon","coordinates":[[[-73.91805,40.68721],[-73.9163,40.67858],[-73.92184,40.67895],[-73.92281,40.68341],[-73.93501,40.68276],[-73.93435,40.67956],[-73.94033,40.67989],[-73.94395,40.69822],[-73.93818,40.69864],[-73.91805,40.68721]]]}},{"type":"Feature","id":226,"properties":{},"geometry":{"type":"Polygon","coordinates":[[[-73.9099,40.74909],[-73.91188,40.74822],[-73.91245,40.74592],[-73.91125,40.74578],[-73.91194,40.74238],[-73.91379,40.74251],[-73.91443,40.74053],[-73.91567,40.74078],[-73.91718,40.7369],[-73.91652,40.73676],[-73.9169,40.73544],[-73.91904,40.73201],[-73.91734,40.73138],[-73.91797,40.7285],[-73.91507,40.72797],[-73.91505,40.7286],[-73.91205,40.72851],[-73.91175,40.72991],[-73.90712,40.72742],[-73.91385,40.7229],[-73.91132,40.71962],[-73.92233,40.71659],[-73.92515,40.72234],[-73.92442,40.72359],[-73.92037,40.72368],[-73.9249,40.72451],[-73.92923,40.72826],[-73.93453,40.7291],[-73.93804,40.73051],[-73.94162,40.73584],[-73.94594,40.73751],[-73.94141,40.7393],[-73.9387,40.73814],[-73.93726,40.74518],[-73.9442,40.74288],[-73.94401,40.74364],[-73.93952,40.74598],[-73.93664,40.7482],[-73.9374,40.74892],[-73.93383,40.7516],[-73.93228,40.75195],[-73.92563,40.75214],[-73.91763,40.75386],[-73.91446,40.75368],[-73.91035,40.75275],[-73.90944,40.75076],[-73.9099,40.74909]]]}},{"type":"Feature","id":227,"properties":{},"geometry":{"type":"Polygon","coordinates":[[[-73.98906,40.64412],[-73.99551,40.63981],[-73.99918,40.64203],[-74.00736,40.63416],[-74.00556,40.63308],[-74.01,40.63011],[-74.01602,40.63332],[-74.01684,40.63536],[-74.01396,40.63815],[-74.01617,40.63948],[-74.00214,40.65296],[-73.99779,40.65029],[-73.99831,40.64974],[-73.98906,40.64412]]]}},{"type":"Feature","id":228,"properties":{},"geometry":{"type":"Polygon","coordinates":[[[-73.99862,40.67183],[-73.9949,40.66679],[-73.99693,40.66437],[-73.99064,40.66058],[-73.98872,40.6624],[-73.98725,40.66038],[-73.99019,40.6576],[-73.99517,40.65967],[-74.01617,40.63948],[-74.01396,40.63815],[-74.01684,40.63536],[-74.02141,40.63858],[-74.02108,40.64149],[-74.02475,40.63812],[-74.02695,40.63945],[-74.02626,40.64009],[-74.03267,40.64372],[-74.03052,40.64527],[-74.02821,40.64402],[-74.02605,40.64626],[-74.02974,40.64849],[-74.02572,40.64662],[-74.02484,40.64694],[-74.0263,40.64817],[-74.02415,40.64762],[-74.02554,40.64978],[-74.02484,40.6506],[-74.02605,40.65099],[-74.02553,40.65148],[-74.02477,40.65069],[-74.02424,40.65113],[-74.02542,40.65193],[-74.02285,40.65117],[-74.02537,40.65272],[-74.02154,40.65067],[-74.02105,40.6511],[-74.02234,40.65191],[-74.0209,40.65125],[-74.02381,40.65304],[-74.02196,40.65222],[-74.02119,40.65284],[-74.0232,40.6541],[-74.02163,40.65365],[-74.02164,40.65488],[-74.01862,40.65349],[-74.01812,40.65389],[-74.02005,40.65534],[-74.01787,40.65406],[-74.01715,40.65478],[-74.01971,40.65658],[-74.01727,40.65519],[-74.01639,40.65562],[-74.01911,40.65737],[-74.01861,40.65785],[-74.01585,40.65621],[-74.01544,40.65663],[-74.01787,40.65831],[-74.01505,40.65695],[-74.01442,40.65761],[-74.01746,40.65945],[-74.01554,40.66076],[-74.01184,40.65891],[-74.01111,40.65971],[-74.01402,40.66153],[-74.01316,40.66198],[-74.0086,40.65952],[-74.00746,40.66056],[-74.01037,40.6624],[-74.00955,40.66327],[-74.00428,40.66144],[-74.00592,40.66311],[-74.00381,40.66191],[-74.00349,40.66224],[-74.006,40.66326],[-74.00772,40.66472],[-74.00713,40.66492],[-74.00605,40.66384],[-74.00564,40.66453],[-74.00565,40.6639],[-74.00363,40.66273],[-74.00528,40.66466],[-74.00486,40.66506],[-74.00083,40.66301],[-73.99953,40.6644],[-74.00292,40.66646],[-73.99998,40.66745],[-73.99903,40.66844],[-73.99862,40.67183]]]}},{"type":"Feature","id":229,"properties":{},"geometry":{"type":"Polygon","coordinates":[[[-73.95878,40.75827],[-73.96482,40.7516],[-73.96707,40.75262],[-73.96662,40.75324],[-73.97122,40.75519],[-73.96658,40.76155],[-73.95878,40.75827]]]}},{"type":"Feature","id":230,"properties":{},"geometry":{"type":"Polygon","coordinates":[[[-73.9786,40.7624],[-73.98412,40.75484],[-73.98979,40.75723],[-73.98428,40.76479],[-73.9786,40.7624]]]}},{"type":"Feature","id":231,"properties":{},"geometry":{"type":"Polygon","coordinates":[[[-74.01102,40.72579],[-73.99996,40.71802],[-74.00486,40.71245],[-74.00835,40.71136],[-74.01375,40.71369],[-74.01244,40.71906],[-74.01457,40.72027],[-74.01297,40.72033],[-74.01102,40.72579]]]}},{"type":"Feature","id":232,"properties":{},"geometry":{"type":"Polygon","coordinates":[[[-73.97636,40.71913],[-73.97348,40.71886],[-73.97612,40.71246],[-73.97782,40.71065],[-73.98839,40.70913],[-73.98874,40.70997],[-73.99191,40.70953],[-73.99256,40.71439],[-73.99022,40.7144],[-73.98675,40.71959],[-73.98507,40.71908],[-73.98382,40.72147],[-73.97636,40.71913]]]}},{"type":"Feature","id":233,"properties":{},"geometry":{"type":"MultiPolygon","coordinates":[[[[-73.96416,40.74687],[-73.96445,40.74641],[-73.96458,40.74645],[-73.96416,40.74687]]],[[[-73.96707,40.75262],[-73.96482,40.7516],[-73.97123,40.74341],[-73.97168,40.74305],[-73.97351,40.74378],[-73.97122,40.74692],[-73.97583,40.74886],[-73.97122,40.75519],[-73.96662,40.75324],[-73.96707,40.75262]]]]}},{"type":"Feature","id":234,"properties":{},"geometry":{"type":"Polygon","coordinates":[[[-73.98407,40.74332],[-73.9899,40.73443],[-73.99684,40.73736],[-73.99052,40.74604],[-73.98407,40.74332]]]}},{"type":"Feature","id":235,"properties":{},"geometry":{"type":"Polygon","coordinates":[[[-73.90904,40.86268],[-73.91328,40.85962],[-73.91057,40.85862],[-73.90976,40.85718],[-73.90777,40.85961],[-73.9068,40.85937],[-73.90487,40.85869],[-73.90566,40.8574],[-73.90468,40.85706],[-73.91416,40.84518],[-73.92478,40.84475],[-73.92808,40.84539],[-73.92152,40.85451],[-73.91423,40.86249],[-73.91076,40.86165],[-73.90904,40.86268]]]}},{"type":"Feature","id":236,"properties":{},"geometry":{"type":"Polygon","coordinates":[[[-73.94933,40.78519],[-73.95826,40.77297],[-73.96469,40.77568],[-73.95578,40.78791],[-73.94933,40.78519]]]}},{"type":"Feature","id":237,"properties":{},"geometry":{"type":"Polygon","coordinates":[[[-73.95826,40.77297],[-73.96658,40.76155],[-73.97301,40.76428],[-73.96469,40.77568],[-73.95826,40.77297]]]}},{"type":"Feature","id":238,"properties":{},"geometry":{"type":"Polygon","coordinates":[[[-73.96418,40.79236],[-73.96934,40.78529],[-73.98189,40.79052],[-73.9764,40.79827],[-73.96418,40.79236]]]}},{"type":"Feature","id":239,"properties":{},"geometry":{"type":"Polygon","coordinates":[[[-73.98189,40.79052],[-73.96934,40.78529],[-73.975,40.77753],[-73.98507,40.78178],[-73.98568,40.78031],[-73.98813,40.7814],[-73.98547,40.78536],[-73.98617,40.78607],[-73.98712,40.78521],[-73.98613,40.78624],[-73.98543,40.78541],[-73.98577,40.7862],[-73.98466,40.78653],[-73.98595,40.78649],[-73.98462,40.78659],[-73.98189,40.79052]]]}},{"type":"Feature","id":240,"properties":{},"geometry":{"type":"Polygon","coordinates":[[[-73.87482,40.89845],[-73.87712,40.89547],[-73.87049,40.89664],[-73.86136,40.89466],[-73.86943,40.87813],[-73.87094,40.87851],[-73.87024,40.88023],[-73.87495,40.87995],[-73.87468,40.88156],[-73.87813,40.88215],[-73.87804,40.88712],[-73.88124,40.88271],[-73.88683,40.88434],[-73.89973,40.88651],[-73.89643,40.89366],[-73.89716,40.89937],[-73.89636,40.9032],[-73.89663,40.91142],[-73.86789,40.90299],[-73.8701,40.90074],[-73.87482,40.89845]]]}},{"type":"Feature","id":241,"properties":{},"geometry":{"type":"Polygon","coordinates":[[[-73.89662,40.88596],[-73.88705,40.88435],[-73.88717,40.88258],[-73.88568,40.87887],[-73.88774,40.87703],[-73.88937,40.87338],[-73.88785,40.87211],[-73.89157,40.86968],[-73.89438,40.86607],[-73.8974,40.86747],[-73.89656,40.86857],[-73.89892,40.86966],[-73.89942,40.86788],[-73.90236,40.8687],[-73.90442,40.87036],[-73.90452,40.8725],[-73.90608,40.87324],[-73.90369,40.8785],[-73.89855,40.88437],[-73.89662,40.88596]]]}},{"type":"Feature","id":242,"properties":{},"geometry":{"type":"Polygon","coordinates":[[[-73.83464,40.85382],[-73.83771,40.84041],[-73.84204,40.84065],[-73.84458,40.83854],[-73.85052,40.84279],[-73.86347,40.84131],[-73.86921,40.8396],[-73.8736,40.8398],[-73.871,40.84311],[-73.86804,40.84481],[-73.86893,40.84688],[-73.86786,40.84886],[-73.86921,40.84924],[-73.86823,40.85091],[-73.86861,40.85207],[-73.86519,40.85016],[-73.86304,40.85061],[-73.86251,40.84836],[-73.85457,40.85151],[-73.85305,40.84955],[-73.84969,40.85106],[-73.84431,40.85119],[-73.84494,40.84822],[-73.8405,40.85418],[-73.835,40.85657],[-73.83668,40.85665],[-73.83682,40.85728],[-73.82847,40.86073],[-73.83284,40.85604],[-73.83129,40.85543],[-73.83464,40.85382]]]}},{"type":"Feature","id":243,"properties":{},"geometry":{"type":"Polygon","coordinates":[[[-73.93235,40.86976],[-73.92727,40.86553],[-73.92474,40.86159],[-73.9271,40.85828],[-73.92691,40.85751],[-73.92519,40.85803],[-73.92467,40.85681],[-73.9277,40.85249],[-73.92703,40.8522],[-73.92748,40.85069],[-73.92971,40.84812],[-73.93062,40.84848],[-73.93139,40.84743],[-73.9364,40.84954],[-73.93575,40.85017],[-73.94204,40.85193],[-73.94318,40.8498],[-73.94693,40.85053],[-73.94187,40.85387],[-73.93252,40.86741],[-73.93235,40.86976]]]}},{"type":"Feature","id":244,"properties":{},"geometry":{"type":"Polygon","coordinates":[[[-73.94204,40.85193],[-73.93575,40.85017],[-73.9364,40.84954],[-73.93139,40.84743],[-73.93557,40.84171],[-73.93506,40.83933],[-73.94025,40.83184],[-73.94035,40.83046],[-73.95016,40.8344],[-73.94856,40.83956],[-73.94612,40.84389],[-73.94696,40.85047],[-73.94318,40.8498],[-73.94204,40.85193]]]}},{"type":"Feature","id":245,"properties":{},"geometry":{"type":"Polygon","coordinates":[[[-74.09788,40.64036],[-74.09767,40.63896],[-74.09409,40.63927],[-74.09243,40.63558],[-74.0897,40.63568],[-74.08871,40.63685],[-74.08691,40.63586],[-74.08588,40.63669],[-74.08373,40.63574],[-74.08934,40.62992],[-74.09224,40.62574],[-74.10351,40.61642],[-74.10609,40.61898],[-74.11094,40.62119],[-74.11326,40.62305],[-74.11614,40.6287],[-74.11766,40.63806],[-74.11519,40.63835],[-74.115,40.63729],[-74.10975,40.63787],[-74.09788,40.64036]]]}},{"type":"Feature","id":246,"properties":{},"geometry":{"type":"Polygon","coordinates":[[[-74.0044,40.76267],[-74.0022,40.76173],[-74.00153,40.76264],[-73.99547,40.75963],[-74.0082,40.74215],[-74.00958,40.74326],[-74.01214,40.74353],[-74.00951,40.74368],[-74.00873,40.74486],[-74.01184,40.74513],[-74.01168,40.74598],[-74.00946,40.74575],[-74.00937,40.74634],[-74.0115,40.74699],[-74.00924,40.74676],[-74.00914,40.74736],[-74.01133,40.748],[-74.00906,40.74779],[-74.00895,40.74841],[-74.01122,40.7487],[-74.00995,40.74893],[-74.00956,40.74994],[-74.01081,40.75032],[-74.00925,40.74999],[-74.00853,40.75188],[-74.00934,40.75236],[-74.00843,40.75216],[-74.00999,40.75282],[-74.00997,40.75293],[-74.00835,40.75235],[-74.00774,40.75434],[-74.0048,40.75781],[-74.007,40.75923],[-74.00648,40.75989],[-74.00391,40.75938],[-74.00432,40.75991],[-74.00367,40.75971],[-74.00234,40.76154],[-74.0044,40.76267]]]}},{"type":"Feature","id":247,"properties":{},"geometry":{"type":"Polygon","coordinates":[[[-73.91194,40.8432],[-73.91383,40.83864],[-73.91986,40.83195],[-73.93028,40.81325],[-73.93243,40.81412],[-73.93307,40.82816],[-73.9285,40.82935],[-73.92399,40.83505],[-73.91902,40.83838],[-73.91618,40.84233],[-73.91795,40.84223],[-73.91729,40.84511],[-73.91194,40.8432]]]}},{"type":"Feature","id":248,"properties":{},"geometry":{"type":"Polygon","coordinates":[[[-73.86448,40.84109],[-73.86271,40.83299],[-73.8773,40.82874],[-73.88378,40.82827],[-73.8839,40.8298],[-73.88005,40.8347],[-73.87925,40.83442],[-73.87482,40.83686],[-73.87491,40.83736],[-73.8738,40.83745],[-73.87277,40.83975],[-73.86921,40.8396],[-73.86448,40.84109]]]}},{"type":"Feature","id":249,"properties":{},"geometry":{"type":"Polygon","coordinates":[[[-73.99684,40.73736],[-74.00282,40.72836],[-74.00709,40.72877],[-74.00516,40.74086],[-73.99684,40.73736]]]}},{"type":"Feature","id":250,"properties":{},"geometry":{"type":"Polygon","coordinates":[[[-73.85052,40.84279],[-73.84458,40.83854],[-73.84204,40.84065],[-73.83936,40.84088],[-73.8403,40.83952],[-73.83959,40.83404],[-73.84276,40.83082],[-73.8429,40.82857],[-73.84391,40.82841],[-73.8429,40.82408],[-73.85514,40.82244],[-73.85739,40.8323],[-73.86034,40.83325],[-73.85168,40.8342],[-73.85334,40.84247],[-73.85052,40.84279]]]}},{"type":"Feature","id":251,"properties":{},"geometry":{"type":"Polygon","coordinates":[[[-74.13107,40.63115],[-74.13014,40.62997],[-74.13131,40.62633],[-74.12126,40.62782],[-74.11791,40.62488],[-74.11326,40.62305],[-74.11094,40.62119],[-74.10553,40.61859],[-74.09777,40.61062],[-74.1089,40.61025],[-74.11567,40.61118],[-74.12453,40.60902],[-74.1321,40.60815],[-74.14471,40.60803],[-74.14954,40.60963],[-74.14697,40.61015],[-74.14604,40.61701],[-74.13982,40.6163],[-74.13826,40.62424],[-74.13581,40.62506],[-74.13806,40.62757],[-74.13674,40.62866],[-74.13586,40.62806],[-74.13409,40.62954],[-74.13344,40.62907],[-74.13107,40.63115]]]}},{"type":"Feature","id":252,"properties":{},"geometry":{"type":"Polygon","coordinates":[[[-73.8205,40.80101],[-73.8137,40.79708],[-73.81224,40.79813],[-73.81161,40.79737],[-73.80636,40.79639],[-73.80623,40.79682],[-73.8053,40.79616],[-73.80008,40.79663],[-73.79443,40.79481],[-73.79498,40.79188],[-73.79376,40.78907],[-73.79339,40.78958],[-73.79362,40.789],[-73.79286,40.78879],[-73.79179,40.78935],[-73.79058,40.78819],[-73.79582,40.78613],[-73.80243,40.78607],[-73.80379,40.77561],[-73.81486,40.77649],[-73.81453,40.77889],[-73.82331,40.77958],[-73.82224,40.78169],[-73.8387,40.78168],[-73.83824,40.78779],[-73.84008,40.78785],[-73.83992,40.79065],[-73.83901,40.79062],[-73.83896,40.79144],[-73.84082,40.7915],[-73.84068,40.79391],[-73.83663,40.79252],[-73.83653,40.79174],[-73.83765,40.79103],[-73.83682,40.79047],[-73.83748,40.79043],[-73.83728,40.78901],[-73.83713,40.78956],[-73.83568,40.78957],[-73.8338,40.78852],[-73.83251,40.78862],[-73.83144,40.78918],[-73.83215,40.79003],[-73.83166,40.7911],[-73.82837,40.7924],[-73.82923,40.79302],[-73.82829,40.79251],[-73.82785,40.79309],[-73.82801,40.79493],[-73.82946,40.79682],[-73.82742,40.79679],[-73.82674,40.7978],[-73.82506,40.79738],[-73.8205,40.80101]]]}},{"type":"Feature","id":253,"properties":{},"geometry":{"type":"Polygon","coordinates":[[[-73.83908,40.76526],[-73.8379,40.76459],[-73.83679,40.76117],[-73.83867,40.75702],[-73.84324,40.75534],[-73.84671,40.76135],[-73.84307,40.76359],[-73.84273,40.76463],[-73.83908,40.76526]]]}},{"type":"Feature","id":254,"properties":{},"geometry":{"type":"Polygon","coordinates":[[[-73.85248,40.87946],[-73.85092,40.87789],[-73.85255,40.87709],[-73.85069,40.87549],[-73.85364,40.8733],[-73.85651,40.87422],[-73.85661,40.87125],[-73.87056,40.87151],[-73.8702,40.87631],[-73.86071,40.89537],[-73.85696,40.89417],[-73.85736,40.89341],[-73.84591,40.88974],[-73.85248,40.87946]]]}},{"type":"Feature","id":255,"properties":{},"geometry":{"type":"Polygon","coordinates":[[[-73.96176,40.72523],[-73.95772,40.72428],[-73.95478,40.72246],[-73.95165,40.72349],[-73.95065,40.72171],[-73.94908,40.72254],[-73.94842,40.71846],[-73.94721,40.71856],[-73.95348,40.71407],[-73.95434,40.71407],[-73.95548,40.71227],[-73.96736,40.71648],[-73.9666,40.71797],[-73.9673,40.71831],[-73.96653,40.71803],[-73.96588,40.71876],[-73.96663,40.71913],[-73.96654,40.71922],[-73.96553,40.7189],[-73.96537,40.72009],[-73.96436,40.72016],[-73.96409,40.72076],[-73.96505,40.72136],[-73.964,40.72094],[-73.96298,40.72203],[-73.96176,40.72523]]]}},{"type":"Feature","id":256,"properties":{},"geometry":{"type":"Polygon","coordinates":[[[-73.96736,40.71648],[-73.95548,40.71227],[-73.95434,40.71407],[-73.94937,40.71407],[-73.94866,40.70972],[-73.95087,40.70951],[-73.95024,40.70547],[-73.9579,40.70843],[-73.95846,40.70725],[-73.96328,40.70773],[-73.96929,40.70709],[-73.97001,40.71045],[-73.96736,40.71648]]]}},{"type":"Feature","id":257,"properties":{},"geometry":{"type":"Polygon","coordinates":[[[-73.98223,40.66214],[-73.97412,40.65769],[-73.97084,40.64638],[-73.97464,40.64481],[-73.97483,40.64566],[-73.97777,40.64534],[-73.97819,40.64753],[-73.98029,40.6473],[-73.9818,40.65525],[-73.98843,40.65925],[-73.98688,40.66037],[-73.98509,40.65901],[-73.98223,40.66214]]]}},{"type":"Feature","id":258,"properties":{},"geometry":{"type":"Polygon","coordinates":[[[-73.84504,40.68932],[-73.84419,40.68947],[-73.8412,40.68335],[-73.84787,40.68149],[-73.85198,40.68256],[-73.85099,40.68057],[-73.85392,40.67969],[-73.8582,40.67943],[-73.85879,40.68063],[-73.86335,40.67935],[-73.8641,40.68237],[-73.86603,40.68192],[-73.86868,40.69403],[-73.86842,40.69472],[-73.85277,40.69756],[-73.85443,40.7006],[-73.85071,40.7002],[-73.84504,40.68932]]]}},{"type":"Feature","id":259,"properties":{},"geometry":{"type":"Polygon","coordinates":[[[-73.85107,40.91037],[-73.85348,40.90753],[-73.85092,40.90662],[-73.85017,40.90751],[-73.84482,40.90553],[-73.84489,40.90419],[-73.84139,40.90417],[-73.83919,40.89935],[-73.83965,40.89733],[-73.83839,40.89407],[-73.83738,40.89392],[-73.83555,40.88913],[-73.84705,40.88767],[-73.84591,40.88974],[-73.85736,40.89341],[-73.85696,40.89417],[-73.86071,40.89537],[-73.86136,40.89466],[-73.87049,40.89664],[-73.87712,40.89547],[-73.87482,40.89845],[-73.8701,40.90074],[-73.86789,40.90299],[-73.85947,40.90052],[-73.85886,40.90171],[-73.85958,40.90244],[-73.85816,40.90231],[-73.85711,40.90365],[-73.85718,40.90529],[-73.85601,40.90531],[-73.85681,40.90616],[-73.85374,40.90779],[-73.85471,40.90801],[-73.85459,40.90894],[-73.85296,40.91035],[-73.85227,40.90985],[-73.85107,40.91037]]]}},{"type":"Feature","id":260,"properties":{},"geometry":{"type":"Polygon","coordinates":[[[-73.90357,40.76578],[-73.90147,40.75963],[-73.89866,40.75992],[-73.89977,40.75666],[-73.89481,40.74606],[-73.89491,40.74428],[-73.90058,40.73949],[-73.90926,40.7364],[-73.91069,40.73347],[-73.90629,40.7324],[-73.90517,40.73586],[-73.90108,40.73391],[-73.90712,40.72742],[-73.91175,40.72991],[-73.91205,40.72851],[-73.91505,40.7286],[-73.91507,40.72797],[-73.91797,40.7285],[-73.91734,40.73138],[-73.91904,40.73201],[-73.9169,40.73544],[-73.91651,40.73894],[-73.91567,40.74078],[-73.91443,40.74053],[-73.91379,40.74251],[-73.91194,40.74238],[-73.91125,40.74578],[-73.91245,40.74592],[-73.91191,40.74811],[-73.91164,40.74868],[-73.91016,40.7485],[-73.90945,40.75066],[-73.91067,40.753],[-73.90901,40.75428],[-73.90632,40.75984],[-73.90779,40.76052],[-73.90357,40.76578]]]}},{"type":"Feature","id":261,"properties":{},"geometry":{"type":"Polygon","coordinates":[[[-74.0086,40.71139],[-74.01327,40.70455],[-74.01669,40.7048],[-74.01375,40.71369],[-74.0086,40.71139]]]}},{"type":"Feature","id":262,"properties":{},"geometry":{"type":"MultiPolygon","coordinates":[[[[-73.93808,40.78142],[-73.9376,40.78047],[-73.93953,40.77953],[-73.93808,40.78142]]],[[[-73.94383,40.78286],[-73.942,40.77619],[-73.94749,40.77012],[-73.95269,40.77234],[-73.94472,40.78325],[-73.94383,40.78286]]]]}},{"type":"Feature","id":263,"properties":{},"geometry":{"type":"Polygon","coordinates":[[[-73.94472,40.78325],[-73.95269,40.77234],[-73.95729,40.77428],[-73.94933,40.78519],[-73.94472,40.78325]]]}}]}